Weather_id,date,city,province,temperature_c
,01-01-2023,Toronto,Ontario,-15.6
,01-01-2023,Vancouver,British Columbia,-1.2
,01-01-2023,Montreal,Quebec,-6.7
,01-01-2023,Calgary,Alberta,-10
,01-01-2023,Edmonton,Alberta,-21.1
,01-01-2023,Ottawa,Ontario,-21.1
,01-01-2023,Winnipeg,Manitoba,-23.5
,01-01-2023,Hamilton,Ontario,-3.3
,01-01-2023,Kitchener,Ontario,-10
,01-01-2023,Waterloo,Ontario,-7.3
,02-01-2023,Toronto,Ontario,-24.5
,02-01-2023,Vancouver,British Columbia,-0.8
,02-01-2023,Montreal,Quebec,-4.2
,02-01-2023,Calgary,Alberta,-19.7
,02-01-2023,Edmonton,Alberta,-20.5
,02-01-2023,Ottawa,Ontario,-20.4
,02-01-2023,Winnipeg,Manitoba,-17.4
,02-01-2023,Hamilton,Ontario,-11.9
,02-01-2023,Kitchener,Ontario,-14.2
,02-01-2023,Waterloo,Ontario,-17.7
,03-01-2023,Toronto,Ontario,-9.7
,03-01-2023,Vancouver,British Columbia,-21.5
,03-01-2023,Montreal,Quebec,-17.7
,03-01-2023,Calgary,Alberta,-15.8
,03-01-2023,Edmonton,Alberta,-13.6
,03-01-2023,Ottawa,Ontario,-5.4
,03-01-2023,Winnipeg,Manitoba,-20
,03-01-2023,Hamilton,Ontario,-12.1
,03-01-2023,Kitchener,Ontario,-10.2
,03-01-2023,Waterloo,Ontario,-23.8
,04-01-2023,Toronto,Ontario,-9.8
,04-01-2023,Vancouver,British Columbia,-20.7
,04-01-2023,Montreal,Quebec,-23.4
,04-01-2023,Calgary,Alberta,-1.3
,04-01-2023,Edmonton,Alberta,-0.9
,04-01-2023,Ottawa,Ontario,-4.8
,04-01-2023,Winnipeg,Manitoba,-17.4
,04-01-2023,Hamilton,Ontario,-22.6
,04-01-2023,Kitchener,Ontario,-7.9
,04-01-2023,Waterloo,Ontario,-14
,05-01-2023,Toronto,Ontario,-21.9
,05-01-2023,Vancouver,British Columbia,-12.6
,05-01-2023,Montreal,Quebec,-24.1
,05-01-2023,Calgary,Alberta,-2.3
,05-01-2023,Edmonton,Alberta,-18.5
,05-01-2023,Ottawa,Ontario,-8.4
,05-01-2023,Winnipeg,Manitoba,-17.2
,05-01-2023,Hamilton,Ontario,-12
,05-01-2023,Kitchener,Ontario,-11.3
,05-01-2023,Waterloo,Ontario,-20.4
,06-01-2023,Toronto,Ontario,-0.8
,06-01-2023,Vancouver,British Columbia,-5.6
,06-01-2023,Montreal,Quebec,-1.5
,06-01-2023,Calgary,Alberta,-2.6
,06-01-2023,Edmonton,Alberta,-10.1
,06-01-2023,Ottawa,Ontario,-2
,06-01-2023,Winnipeg,Manitoba,-22.8
,06-01-2023,Hamilton,Ontario,-20.1
,06-01-2023,Kitchener,Ontario,-23.9
,06-01-2023,Waterloo,Ontario,-16.9
,07-01-2023,Toronto,Ontario,-15.3
,07-01-2023,Vancouver,British Columbia,-18.2
,07-01-2023,Montreal,Quebec,-4.3
,07-01-2023,Calgary,Alberta,-16.1
,07-01-2023,Edmonton,Alberta,-18
,07-01-2023,Ottawa,Ontario,-11.4
,07-01-2023,Winnipeg,Manitoba,-21.5
,07-01-2023,Hamilton,Ontario,-4.9
,07-01-2023,Kitchener,Ontario,-23.1
,07-01-2023,Waterloo,Ontario,-0.3
,08-01-2023,Toronto,Ontario,-5.7
,08-01-2023,Vancouver,British Columbia,-20
,08-01-2023,Montreal,Quebec,-24.9
,08-01-2023,Calgary,Alberta,-4.6
,08-01-2023,Edmonton,Alberta,-7.3
,08-01-2023,Ottawa,Ontario,-6.8
,08-01-2023,Winnipeg,Manitoba,-5.7
,08-01-2023,Hamilton,Ontario,-23.1
,08-01-2023,Kitchener,Ontario,-16
,08-01-2023,Waterloo,Ontario,-22.1
,09-01-2023,Toronto,Ontario,-3.4
,09-01-2023,Vancouver,British Columbia,-9.4
,09-01-2023,Montreal,Quebec,-16.7
,09-01-2023,Calgary,Alberta,-23.4
,09-01-2023,Edmonton,Alberta,-17.2
,09-01-2023,Ottawa,Ontario,-16.9
,09-01-2023,Winnipeg,Manitoba,-6.8
,09-01-2023,Hamilton,Ontario,-9.1
,09-01-2023,Kitchener,Ontario,-2.8
,09-01-2023,Waterloo,Ontario,-13.2
,10-01-2023,Toronto,Ontario,-22
,10-01-2023,Vancouver,British Columbia,-7.2
,10-01-2023,Montreal,Quebec,-6
,10-01-2023,Calgary,Alberta,-11
,10-01-2023,Edmonton,Alberta,-5.7
,10-01-2023,Ottawa,Ontario,-12.7
,10-01-2023,Winnipeg,Manitoba,-11.9
,10-01-2023,Hamilton,Ontario,-14.3
,10-01-2023,Kitchener,Ontario,-24.4
,10-01-2023,Waterloo,Ontario,-22.3
,11-01-2023,Toronto,Ontario,-24.2
,11-01-2023,Vancouver,British Columbia,-9.1
,11-01-2023,Montreal,Quebec,-17.1
,11-01-2023,Calgary,Alberta,-12.3
,11-01-2023,Edmonton,Alberta,-2.3
,11-01-2023,Ottawa,Ontario,-18.8
,11-01-2023,Winnipeg,Manitoba,-14.7
,11-01-2023,Hamilton,Ontario,-6.1
,11-01-2023,Kitchener,Ontario,-19.3
,11-01-2023,Waterloo,Ontario,-23.1
,12-01-2023,Toronto,Ontario,-17.8
,12-01-2023,Vancouver,British Columbia,-21
,12-01-2023,Montreal,Quebec,-1.8
,12-01-2023,Calgary,Alberta,-4.8
,12-01-2023,Edmonton,Alberta,-9.2
,12-01-2023,Ottawa,Ontario,-3.2
,12-01-2023,Winnipeg,Manitoba,-4.9
,12-01-2023,Hamilton,Ontario,-20.3
,12-01-2023,Kitchener,Ontario,-2.7
,12-01-2023,Waterloo,Ontario,-11.5
,13-01-2023,Toronto,Ontario,-4.8
,13-01-2023,Vancouver,British Columbia,-2.6
,13-01-2023,Montreal,Quebec,-17
,13-01-2023,Calgary,Alberta,-22.2
,13-01-2023,Edmonton,Alberta,-19.3
,13-01-2023,Ottawa,Ontario,-14.3
,13-01-2023,Winnipeg,Manitoba,-4.5
,13-01-2023,Hamilton,Ontario,-3.5
,13-01-2023,Kitchener,Ontario,-24.8
,13-01-2023,Waterloo,Ontario,-12.2
,14-01-2023,Toronto,Ontario,-14.6
,14-01-2023,Vancouver,British Columbia,-19.4
,14-01-2023,Montreal,Quebec,-22
,14-01-2023,Calgary,Alberta,-16.6
,14-01-2023,Edmonton,Alberta,-1.4
,14-01-2023,Ottawa,Ontario,-16.9
,14-01-2023,Winnipeg,Manitoba,-12
,14-01-2023,Hamilton,Ontario,-7.4
,14-01-2023,Kitchener,Ontario,-15.9
,14-01-2023,Waterloo,Ontario,-0.7
,15-01-2023,Toronto,Ontario,-0.9
,15-01-2023,Vancouver,British Columbia,-18.7
,15-01-2023,Montreal,Quebec,-12.6
,15-01-2023,Calgary,Alberta,-17.5
,15-01-2023,Edmonton,Alberta,-17.9
,15-01-2023,Ottawa,Ontario,-24.1
,15-01-2023,Winnipeg,Manitoba,-9.8
,15-01-2023,Hamilton,Ontario,-12.4
,15-01-2023,Kitchener,Ontario,-23.7
,15-01-2023,Waterloo,Ontario,-18
,16-01-2023,Toronto,Ontario,-2.3
,16-01-2023,Vancouver,British Columbia,-19
,16-01-2023,Montreal,Quebec,-21.4
,16-01-2023,Calgary,Alberta,-12.8
,16-01-2023,Edmonton,Alberta,-0.4
,16-01-2023,Ottawa,Ontario,-18.9
,16-01-2023,Winnipeg,Manitoba,-8.2
,16-01-2023,Hamilton,Ontario,-6
,16-01-2023,Kitchener,Ontario,-19.1
,16-01-2023,Waterloo,Ontario,-6.8
,17-01-2023,Toronto,Ontario,-15.8
,17-01-2023,Vancouver,British Columbia,-9.2
,17-01-2023,Montreal,Quebec,-9.2
,17-01-2023,Calgary,Alberta,-11.6
,17-01-2023,Edmonton,Alberta,-22.7
,17-01-2023,Ottawa,Ontario,-4.1
,17-01-2023,Winnipeg,Manitoba,-17
,17-01-2023,Hamilton,Ontario,-20.3
,17-01-2023,Kitchener,Ontario,-24
,17-01-2023,Waterloo,Ontario,-10.2
,18-01-2023,Toronto,Ontario,-8.1
,18-01-2023,Vancouver,British Columbia,-24.6
,18-01-2023,Montreal,Quebec,-12.2
,18-01-2023,Calgary,Alberta,-19.3
,18-01-2023,Edmonton,Alberta,-8.9
,18-01-2023,Ottawa,Ontario,-20.6
,18-01-2023,Winnipeg,Manitoba,-7.7
,18-01-2023,Hamilton,Ontario,-15.3
,18-01-2023,Kitchener,Ontario,-1.6
,18-01-2023,Waterloo,Ontario,-21.6
,19-01-2023,Toronto,Ontario,-16.5
,19-01-2023,Vancouver,British Columbia,-22.2
,19-01-2023,Montreal,Quebec,-1.9
,19-01-2023,Calgary,Alberta,-3.1
,19-01-2023,Edmonton,Alberta,-18.6
,19-01-2023,Ottawa,Ontario,-8.5
,19-01-2023,Winnipeg,Manitoba,-4.6
,19-01-2023,Hamilton,Ontario,-11.1
,19-01-2023,Kitchener,Ontario,-11.8
,19-01-2023,Waterloo,Ontario,-19
,20-01-2023,Toronto,Ontario,-22.7
,20-01-2023,Vancouver,British Columbia,-2.6
,20-01-2023,Montreal,Quebec,-2.5
,20-01-2023,Calgary,Alberta,-9.2
,20-01-2023,Edmonton,Alberta,-16.5
,20-01-2023,Ottawa,Ontario,-16.3
,20-01-2023,Winnipeg,Manitoba,-6.9
,20-01-2023,Hamilton,Ontario,-2.6
,20-01-2023,Kitchener,Ontario,-2.8
,20-01-2023,Waterloo,Ontario,-5.5
,21-01-2023,Toronto,Ontario,-8.9
,21-01-2023,Vancouver,British Columbia,-22.9
,21-01-2023,Montreal,Quebec,-21
,21-01-2023,Calgary,Alberta,-2.5
,21-01-2023,Edmonton,Alberta,-9.8
,21-01-2023,Ottawa,Ontario,-24.8
,21-01-2023,Winnipeg,Manitoba,-22.5
,21-01-2023,Hamilton,Ontario,-8.4
,21-01-2023,Kitchener,Ontario,-24.9
,21-01-2023,Waterloo,Ontario,-21
,22-01-2023,Toronto,Ontario,-11.3
,22-01-2023,Vancouver,British Columbia,-7.7
,22-01-2023,Montreal,Quebec,-8.7
,22-01-2023,Calgary,Alberta,-19.4
,22-01-2023,Edmonton,Alberta,-7.2
,22-01-2023,Ottawa,Ontario,-19.1
,22-01-2023,Winnipeg,Manitoba,-16.9
,22-01-2023,Hamilton,Ontario,-6.3
,22-01-2023,Kitchener,Ontario,-8.8
,22-01-2023,Waterloo,Ontario,-3.8
,23-01-2023,Toronto,Ontario,-8.6
,23-01-2023,Vancouver,British Columbia,-10.8
,23-01-2023,Montreal,Quebec,-22.7
,23-01-2023,Calgary,Alberta,-15.8
,23-01-2023,Edmonton,Alberta,-18.4
,23-01-2023,Ottawa,Ontario,-18.9
,23-01-2023,Winnipeg,Manitoba,-0.7
,23-01-2023,Hamilton,Ontario,-15.2
,23-01-2023,Kitchener,Ontario,-2.7
,23-01-2023,Waterloo,Ontario,-9.2
,24-01-2023,Toronto,Ontario,-5.1
,24-01-2023,Vancouver,British Columbia,-12.4
,24-01-2023,Montreal,Quebec,-10.6
,24-01-2023,Calgary,Alberta,-12.7
,24-01-2023,Edmonton,Alberta,-20.1
,24-01-2023,Ottawa,Ontario,-6.9
,24-01-2023,Winnipeg,Manitoba,-18
,24-01-2023,Hamilton,Ontario,-24.4
,24-01-2023,Kitchener,Ontario,-8.9
,24-01-2023,Waterloo,Ontario,-20.6
,25-01-2023,Toronto,Ontario,-1.5
,25-01-2023,Vancouver,British Columbia,-1.2
,25-01-2023,Montreal,Quebec,-2.1
,25-01-2023,Calgary,Alberta,-15.7
,25-01-2023,Edmonton,Alberta,-24.6
,25-01-2023,Ottawa,Ontario,-1.8
,25-01-2023,Winnipeg,Manitoba,-14.3
,25-01-2023,Hamilton,Ontario,-0.8
,25-01-2023,Kitchener,Ontario,-0.9
,25-01-2023,Waterloo,Ontario,-3.7
,26-01-2023,Toronto,Ontario,-17.6
,26-01-2023,Vancouver,British Columbia,-15.4
,26-01-2023,Montreal,Quebec,-3.7
,26-01-2023,Calgary,Alberta,-17.1
,26-01-2023,Edmonton,Alberta,-20.8
,26-01-2023,Ottawa,Ontario,-11.1
,26-01-2023,Winnipeg,Manitoba,-1.6
,26-01-2023,Hamilton,Ontario,-7.6
,26-01-2023,Kitchener,Ontario,-10.7
,26-01-2023,Waterloo,Ontario,-22.6
,27-01-2023,Toronto,Ontario,-9.6
,27-01-2023,Vancouver,British Columbia,-0.2
,27-01-2023,Montreal,Quebec,-21.5
,27-01-2023,Calgary,Alberta,-12
,27-01-2023,Edmonton,Alberta,-3.1
,27-01-2023,Ottawa,Ontario,-6.5
,27-01-2023,Winnipeg,Manitoba,-7.6
,27-01-2023,Hamilton,Ontario,-7.4
,27-01-2023,Kitchener,Ontario,-16
,27-01-2023,Waterloo,Ontario,-17.7
,28-01-2023,Toronto,Ontario,-4.8
,28-01-2023,Vancouver,British Columbia,-4.7
,28-01-2023,Montreal,Quebec,-3.3
,28-01-2023,Calgary,Alberta,-2.2
,28-01-2023,Edmonton,Alberta,-12.2
,28-01-2023,Ottawa,Ontario,-12.5
,28-01-2023,Winnipeg,Manitoba,-5
,28-01-2023,Hamilton,Ontario,-8.8
,28-01-2023,Kitchener,Ontario,-7.5
,28-01-2023,Waterloo,Ontario,-5.1
,29-01-2023,Toronto,Ontario,-2.7
,29-01-2023,Vancouver,British Columbia,-16.6
,29-01-2023,Montreal,Quebec,-15.6
,29-01-2023,Calgary,Alberta,-22.7
,29-01-2023,Edmonton,Alberta,-10.5
,29-01-2023,Ottawa,Ontario,-24.1
,29-01-2023,Winnipeg,Manitoba,-13.4
,29-01-2023,Hamilton,Ontario,-11.4
,29-01-2023,Kitchener,Ontario,-17.8
,29-01-2023,Waterloo,Ontario,-10.2
,30-01-2023,Toronto,Ontario,-24.2
,30-01-2023,Vancouver,British Columbia,-24.1
,30-01-2023,Montreal,Quebec,-4.4
,30-01-2023,Calgary,Alberta,-16
,30-01-2023,Edmonton,Alberta,-21.8
,30-01-2023,Ottawa,Ontario,-11.9
,30-01-2023,Winnipeg,Manitoba,-5.8
,30-01-2023,Hamilton,Ontario,-19.6
,30-01-2023,Kitchener,Ontario,-9.4
,30-01-2023,Waterloo,Ontario,-22.9
,31-01-2023,Toronto,Ontario,-23.7
,31-01-2023,Vancouver,British Columbia,-11.7
,31-01-2023,Montreal,Quebec,-11.5
,31-01-2023,Calgary,Alberta,-9.1
,31-01-2023,Edmonton,Alberta,-6.8
,31-01-2023,Ottawa,Ontario,-0.6
,31-01-2023,Winnipeg,Manitoba,-12.1
,31-01-2023,Hamilton,Ontario,-16.9
,31-01-2023,Kitchener,Ontario,-5.1
,31-01-2023,Waterloo,Ontario,-18.2
,01-02-2023,Toronto,Ontario,-14
,01-02-2023,Vancouver,British Columbia,-23
,01-02-2023,Montreal,Quebec,-24.4
,01-02-2023,Calgary,Alberta,-0.9
,01-02-2023,Edmonton,Alberta,-4.1
,01-02-2023,Ottawa,Ontario,-7.6
,01-02-2023,Winnipeg,Manitoba,-14.8
,01-02-2023,Hamilton,Ontario,-20.7
,01-02-2023,Kitchener,Ontario,-21.1
,01-02-2023,Waterloo,Ontario,-18.7
,02-02-2023,Toronto,Ontario,-11.3
,02-02-2023,Vancouver,British Columbia,-7.1
,02-02-2023,Montreal,Quebec,-8.5
,02-02-2023,Calgary,Alberta,-18
,02-02-2023,Edmonton,Alberta,-1.1
,02-02-2023,Ottawa,Ontario,-6.6
,02-02-2023,Winnipeg,Manitoba,-11.1
,02-02-2023,Hamilton,Ontario,-9.7
,02-02-2023,Kitchener,Ontario,-14.5
,02-02-2023,Waterloo,Ontario,-18.8
,03-02-2023,Toronto,Ontario,-16.1
,03-02-2023,Vancouver,British Columbia,-6.1
,03-02-2023,Montreal,Quebec,-24.6
,03-02-2023,Calgary,Alberta,-22.1
,03-02-2023,Edmonton,Alberta,-23.8
,03-02-2023,Ottawa,Ontario,-24
,03-02-2023,Winnipeg,Manitoba,-3.6
,03-02-2023,Hamilton,Ontario,-7.4
,03-02-2023,Kitchener,Ontario,-13.1
,03-02-2023,Waterloo,Ontario,-22.6
,04-02-2023,Toronto,Ontario,-12.7
,04-02-2023,Vancouver,British Columbia,-13.2
,04-02-2023,Montreal,Quebec,-20.7
,04-02-2023,Calgary,Alberta,-14.2
,04-02-2023,Edmonton,Alberta,-15
,04-02-2023,Ottawa,Ontario,-9.6
,04-02-2023,Winnipeg,Manitoba,-9.1
,04-02-2023,Hamilton,Ontario,-23.9
,04-02-2023,Kitchener,Ontario,-15.6
,04-02-2023,Waterloo,Ontario,-9.4
,05-02-2023,Toronto,Ontario,-12.4
,05-02-2023,Vancouver,British Columbia,-3.6
,05-02-2023,Montreal,Quebec,-8.5
,05-02-2023,Calgary,Alberta,-20.9
,05-02-2023,Edmonton,Alberta,-23.2
,05-02-2023,Ottawa,Ontario,-8.9
,05-02-2023,Winnipeg,Manitoba,-24.3
,05-02-2023,Hamilton,Ontario,-10.4
,05-02-2023,Kitchener,Ontario,-1.5
,05-02-2023,Waterloo,Ontario,-10.6
,06-02-2023,Toronto,Ontario,-15.3
,06-02-2023,Vancouver,British Columbia,-8.9
,06-02-2023,Montreal,Quebec,-13.5
,06-02-2023,Calgary,Alberta,-11.4
,06-02-2023,Edmonton,Alberta,-1.5
,06-02-2023,Ottawa,Ontario,-15.3
,06-02-2023,Winnipeg,Manitoba,-1
,06-02-2023,Hamilton,Ontario,-2.4
,06-02-2023,Kitchener,Ontario,-20.1
,06-02-2023,Waterloo,Ontario,-23.3
,07-02-2023,Toronto,Ontario,-22.5
,07-02-2023,Vancouver,British Columbia,-24.5
,07-02-2023,Montreal,Quebec,-22.6
,07-02-2023,Calgary,Alberta,-7.9
,07-02-2023,Edmonton,Alberta,-23.2
,07-02-2023,Ottawa,Ontario,-17
,07-02-2023,Winnipeg,Manitoba,-3.9
,07-02-2023,Hamilton,Ontario,-24.4
,07-02-2023,Kitchener,Ontario,-4.6
,07-02-2023,Waterloo,Ontario,-18
,08-02-2023,Toronto,Ontario,-22
,08-02-2023,Vancouver,British Columbia,-7.6
,08-02-2023,Montreal,Quebec,-9.3
,08-02-2023,Calgary,Alberta,-3.1
,08-02-2023,Edmonton,Alberta,-6.6
,08-02-2023,Ottawa,Ontario,-4.9
,08-02-2023,Winnipeg,Manitoba,-17.9
,08-02-2023,Hamilton,Ontario,-20.6
,08-02-2023,Kitchener,Ontario,-6.2
,08-02-2023,Waterloo,Ontario,-4.8
,09-02-2023,Toronto,Ontario,-0.2
,09-02-2023,Vancouver,British Columbia,-14.7
,09-02-2023,Montreal,Quebec,-15.7
,09-02-2023,Calgary,Alberta,-5.6
,09-02-2023,Edmonton,Alberta,-16.5
,09-02-2023,Ottawa,Ontario,-1.7
,09-02-2023,Winnipeg,Manitoba,-3.5
,09-02-2023,Hamilton,Ontario,-14.3
,09-02-2023,Kitchener,Ontario,-6.2
,09-02-2023,Waterloo,Ontario,-6.1
,10-02-2023,Toronto,Ontario,-22.4
,10-02-2023,Vancouver,British Columbia,-2.4
,10-02-2023,Montreal,Quebec,-12.4
,10-02-2023,Calgary,Alberta,-4.3
,10-02-2023,Edmonton,Alberta,-17
,10-02-2023,Ottawa,Ontario,-2.6
,10-02-2023,Winnipeg,Manitoba,-15.3
,10-02-2023,Hamilton,Ontario,-24.7
,10-02-2023,Kitchener,Ontario,-2.4
,10-02-2023,Waterloo,Ontario,-22.7
,11-02-2023,Toronto,Ontario,-17
,11-02-2023,Vancouver,British Columbia,-1.2
,11-02-2023,Montreal,Quebec,-1.2
,11-02-2023,Calgary,Alberta,-10.7
,11-02-2023,Edmonton,Alberta,-9.2
,11-02-2023,Ottawa,Ontario,-13.8
,11-02-2023,Winnipeg,Manitoba,-17.7
,11-02-2023,Hamilton,Ontario,-16.8
,11-02-2023,Kitchener,Ontario,-8.2
,11-02-2023,Waterloo,Ontario,-6.2
,12-02-2023,Toronto,Ontario,-5.2
,12-02-2023,Vancouver,British Columbia,-5.3
,12-02-2023,Montreal,Quebec,-22.7
,12-02-2023,Calgary,Alberta,-12.6
,12-02-2023,Edmonton,Alberta,-23.6
,12-02-2023,Ottawa,Ontario,-11.3
,12-02-2023,Winnipeg,Manitoba,-14
,12-02-2023,Hamilton,Ontario,-2.8
,12-02-2023,Kitchener,Ontario,-16.2
,12-02-2023,Waterloo,Ontario,-22.1
,13-02-2023,Toronto,Ontario,-21.4
,13-02-2023,Vancouver,British Columbia,-6
,13-02-2023,Montreal,Quebec,-9.5
,13-02-2023,Calgary,Alberta,-22.5
,13-02-2023,Edmonton,Alberta,-22.9
,13-02-2023,Ottawa,Ontario,-7.5
,13-02-2023,Winnipeg,Manitoba,-23.2
,13-02-2023,Hamilton,Ontario,-4.5
,13-02-2023,Kitchener,Ontario,-7.3
,13-02-2023,Waterloo,Ontario,-23
,14-02-2023,Toronto,Ontario,-22.9
,14-02-2023,Vancouver,British Columbia,-0.3
,14-02-2023,Montreal,Quebec,-15.6
,14-02-2023,Calgary,Alberta,-15.7
,14-02-2023,Edmonton,Alberta,-4.7
,14-02-2023,Ottawa,Ontario,-1.3
,14-02-2023,Winnipeg,Manitoba,-0.3
,14-02-2023,Hamilton,Ontario,-6.2
,14-02-2023,Kitchener,Ontario,-15.6
,14-02-2023,Waterloo,Ontario,-22.9
,15-02-2023,Toronto,Ontario,-5.6
,15-02-2023,Vancouver,British Columbia,-11
,15-02-2023,Montreal,Quebec,-14.4
,15-02-2023,Calgary,Alberta,-2.3
,15-02-2023,Edmonton,Alberta,-22.2
,15-02-2023,Ottawa,Ontario,-12.7
,15-02-2023,Winnipeg,Manitoba,-24.7
,15-02-2023,Hamilton,Ontario,-13.3
,15-02-2023,Kitchener,Ontario,-23.6
,15-02-2023,Waterloo,Ontario,-22
,16-02-2023,Toronto,Ontario,-22.1
,16-02-2023,Vancouver,British Columbia,-8.8
,16-02-2023,Montreal,Quebec,-6.3
,16-02-2023,Calgary,Alberta,-10.4
,16-02-2023,Edmonton,Alberta,-0.9
,16-02-2023,Ottawa,Ontario,-15.6
,16-02-2023,Winnipeg,Manitoba,-17.9
,16-02-2023,Hamilton,Ontario,-3.3
,16-02-2023,Kitchener,Ontario,-19.4
,16-02-2023,Waterloo,Ontario,-0.9
,17-02-2023,Toronto,Ontario,-24.7
,17-02-2023,Vancouver,British Columbia,-0.8
,17-02-2023,Montreal,Quebec,-23.9
,17-02-2023,Calgary,Alberta,-2.7
,17-02-2023,Edmonton,Alberta,-11.8
,17-02-2023,Ottawa,Ontario,-0.2
,17-02-2023,Winnipeg,Manitoba,-23.2
,17-02-2023,Hamilton,Ontario,-11.2
,17-02-2023,Kitchener,Ontario,-0.8
,17-02-2023,Waterloo,Ontario,-11.9
,18-02-2023,Toronto,Ontario,-9.3
,18-02-2023,Vancouver,British Columbia,-7.6
,18-02-2023,Montreal,Quebec,-13.6
,18-02-2023,Calgary,Alberta,-9.3
,18-02-2023,Edmonton,Alberta,-10.4
,18-02-2023,Ottawa,Ontario,-2.5
,18-02-2023,Winnipeg,Manitoba,-23.9
,18-02-2023,Hamilton,Ontario,-18
,18-02-2023,Kitchener,Ontario,-1.2
,18-02-2023,Waterloo,Ontario,-2.7
,19-02-2023,Toronto,Ontario,-13.6
,19-02-2023,Vancouver,British Columbia,-9.5
,19-02-2023,Montreal,Quebec,-18.1
,19-02-2023,Calgary,Alberta,-20.3
,19-02-2023,Edmonton,Alberta,-13.4
,19-02-2023,Ottawa,Ontario,-16.2
,19-02-2023,Winnipeg,Manitoba,-10.4
,19-02-2023,Hamilton,Ontario,-23.1
,19-02-2023,Kitchener,Ontario,-0.6
,19-02-2023,Waterloo,Ontario,-0.3
,20-02-2023,Toronto,Ontario,-7.5
,20-02-2023,Vancouver,British Columbia,-11.6
,20-02-2023,Montreal,Quebec,-17.3
,20-02-2023,Calgary,Alberta,-4.7
,20-02-2023,Edmonton,Alberta,-7.9
,20-02-2023,Ottawa,Ontario,-20.9
,20-02-2023,Winnipeg,Manitoba,-2.2
,20-02-2023,Hamilton,Ontario,-4.4
,20-02-2023,Kitchener,Ontario,-1.3
,20-02-2023,Waterloo,Ontario,-6.9
,21-02-2023,Toronto,Ontario,-9.7
,21-02-2023,Vancouver,British Columbia,-14.5
,21-02-2023,Montreal,Quebec,-1.7
,21-02-2023,Calgary,Alberta,-3.3
,21-02-2023,Edmonton,Alberta,-23.9
,21-02-2023,Ottawa,Ontario,-24.3
,21-02-2023,Winnipeg,Manitoba,-15.6
,21-02-2023,Hamilton,Ontario,-4.7
,21-02-2023,Kitchener,Ontario,-0.3
,21-02-2023,Waterloo,Ontario,-21.2
,22-02-2023,Toronto,Ontario,-10.1
,22-02-2023,Vancouver,British Columbia,-15.5
,22-02-2023,Montreal,Quebec,-0.8
,22-02-2023,Calgary,Alberta,-3.9
,22-02-2023,Edmonton,Alberta,-4
,22-02-2023,Ottawa,Ontario,-13.3
,22-02-2023,Winnipeg,Manitoba,-14.6
,22-02-2023,Hamilton,Ontario,-18.2
,22-02-2023,Kitchener,Ontario,-23.6
,22-02-2023,Waterloo,Ontario,-3.4
,23-02-2023,Toronto,Ontario,-4.7
,23-02-2023,Vancouver,British Columbia,0
,23-02-2023,Montreal,Quebec,-0.1
,23-02-2023,Calgary,Alberta,-11.1
,23-02-2023,Edmonton,Alberta,-5.8
,23-02-2023,Ottawa,Ontario,-1.4
,23-02-2023,Winnipeg,Manitoba,-3.8
,23-02-2023,Hamilton,Ontario,-18.8
,23-02-2023,Kitchener,Ontario,-13.7
,23-02-2023,Waterloo,Ontario,-21.8
,24-02-2023,Toronto,Ontario,-1.1
,24-02-2023,Vancouver,British Columbia,-9.8
,24-02-2023,Montreal,Quebec,-19.3
,24-02-2023,Calgary,Alberta,-8.2
,24-02-2023,Edmonton,Alberta,-9.5
,24-02-2023,Ottawa,Ontario,-16
,24-02-2023,Winnipeg,Manitoba,-22.2
,24-02-2023,Hamilton,Ontario,-8.2
,24-02-2023,Kitchener,Ontario,-12
,24-02-2023,Waterloo,Ontario,-5.7
,25-02-2023,Toronto,Ontario,-12
,25-02-2023,Vancouver,British Columbia,-3.7
,25-02-2023,Montreal,Quebec,-11.2
,25-02-2023,Calgary,Alberta,-11
,25-02-2023,Edmonton,Alberta,-3.1
,25-02-2023,Ottawa,Ontario,-14.9
,25-02-2023,Winnipeg,Manitoba,-21.6
,25-02-2023,Hamilton,Ontario,-24.3
,25-02-2023,Kitchener,Ontario,-6.1
,25-02-2023,Waterloo,Ontario,-9.5
,26-02-2023,Toronto,Ontario,-7.4
,26-02-2023,Vancouver,British Columbia,-19.7
,26-02-2023,Montreal,Quebec,-21.6
,26-02-2023,Calgary,Alberta,-24.6
,26-02-2023,Edmonton,Alberta,-16.2
,26-02-2023,Ottawa,Ontario,-10.3
,26-02-2023,Winnipeg,Manitoba,-15.2
,26-02-2023,Hamilton,Ontario,-14.1
,26-02-2023,Kitchener,Ontario,-2.4
,26-02-2023,Waterloo,Ontario,-16.3
,27-02-2023,Toronto,Ontario,-12.2
,27-02-2023,Vancouver,British Columbia,-5.4
,27-02-2023,Montreal,Quebec,-15.1
,27-02-2023,Calgary,Alberta,-9.4
,27-02-2023,Edmonton,Alberta,-3.4
,27-02-2023,Ottawa,Ontario,-1.3
,27-02-2023,Winnipeg,Manitoba,-21.3
,27-02-2023,Hamilton,Ontario,-1.8
,27-02-2023,Kitchener,Ontario,-12.7
,27-02-2023,Waterloo,Ontario,-18.5
,28-02-2023,Toronto,Ontario,-13.5
,28-02-2023,Vancouver,British Columbia,-0.5
,28-02-2023,Montreal,Quebec,-12.7
,28-02-2023,Calgary,Alberta,-16.8
,28-02-2023,Edmonton,Alberta,-9.2
,28-02-2023,Ottawa,Ontario,-19
,28-02-2023,Winnipeg,Manitoba,-23.1
,28-02-2023,Hamilton,Ontario,-21.8
,28-02-2023,Kitchener,Ontario,-21.8
,28-02-2023,Waterloo,Ontario,-21.2
,01-03-2023,Toronto,Ontario,2.1
,01-03-2023,Vancouver,British Columbia,9.6
,01-03-2023,Montreal,Quebec,2.7
,01-03-2023,Calgary,Alberta,5.2
,01-03-2023,Edmonton,Alberta,13.5
,01-03-2023,Ottawa,Ontario,7.1
,01-03-2023,Winnipeg,Manitoba,10
,01-03-2023,Hamilton,Ontario,2.6
,01-03-2023,Kitchener,Ontario,2.9
,01-03-2023,Waterloo,Ontario,0.6
,02-03-2023,Toronto,Ontario,2.5
,02-03-2023,Vancouver,British Columbia,4.2
,02-03-2023,Montreal,Quebec,2.7
,02-03-2023,Calgary,Alberta,1.3
,02-03-2023,Edmonton,Alberta,1.8
,02-03-2023,Ottawa,Ontario,6.9
,02-03-2023,Winnipeg,Manitoba,3.1
,02-03-2023,Hamilton,Ontario,5.5
,02-03-2023,Kitchener,Ontario,7.6
,02-03-2023,Waterloo,Ontario,10.4
,03-03-2023,Toronto,Ontario,0.6
,03-03-2023,Vancouver,British Columbia,12
,03-03-2023,Montreal,Quebec,9.4
,03-03-2023,Calgary,Alberta,1.2
,03-03-2023,Edmonton,Alberta,13.1
,03-03-2023,Ottawa,Ontario,13.8
,03-03-2023,Winnipeg,Manitoba,0.9
,03-03-2023,Hamilton,Ontario,4.2
,03-03-2023,Kitchener,Ontario,12.1
,03-03-2023,Waterloo,Ontario,11.2
,04-03-2023,Toronto,Ontario,2.8
,04-03-2023,Vancouver,British Columbia,3.1
,04-03-2023,Montreal,Quebec,5.6
,04-03-2023,Calgary,Alberta,7.3
,04-03-2023,Edmonton,Alberta,9.3
,04-03-2023,Ottawa,Ontario,5.5
,04-03-2023,Winnipeg,Manitoba,6.9
,04-03-2023,Hamilton,Ontario,11.2
,04-03-2023,Kitchener,Ontario,0.6
,04-03-2023,Waterloo,Ontario,3.8
,05-03-2023,Toronto,Ontario,10.7
,05-03-2023,Vancouver,British Columbia,13.4
,05-03-2023,Montreal,Quebec,7.7
,05-03-2023,Calgary,Alberta,8
,05-03-2023,Edmonton,Alberta,1.6
,05-03-2023,Ottawa,Ontario,6.7
,05-03-2023,Winnipeg,Manitoba,8
,05-03-2023,Hamilton,Ontario,3.6
,05-03-2023,Kitchener,Ontario,4
,05-03-2023,Waterloo,Ontario,5.7
,06-03-2023,Toronto,Ontario,0.3
,06-03-2023,Vancouver,British Columbia,4.8
,06-03-2023,Montreal,Quebec,3.2
,06-03-2023,Calgary,Alberta,4.9
,06-03-2023,Edmonton,Alberta,1.8
,06-03-2023,Ottawa,Ontario,13.4
,06-03-2023,Winnipeg,Manitoba,8.9
,06-03-2023,Hamilton,Ontario,10.2
,06-03-2023,Kitchener,Ontario,11.8
,06-03-2023,Waterloo,Ontario,7.5
,07-03-2023,Toronto,Ontario,1.3
,07-03-2023,Vancouver,British Columbia,8.1
,07-03-2023,Montreal,Quebec,8.8
,07-03-2023,Calgary,Alberta,11.2
,07-03-2023,Edmonton,Alberta,6.5
,07-03-2023,Ottawa,Ontario,1.9
,07-03-2023,Winnipeg,Manitoba,4.3
,07-03-2023,Hamilton,Ontario,5.4
,07-03-2023,Kitchener,Ontario,9.7
,07-03-2023,Waterloo,Ontario,8.6
,08-03-2023,Toronto,Ontario,5.3
,08-03-2023,Vancouver,British Columbia,14.8
,08-03-2023,Montreal,Quebec,9.1
,08-03-2023,Calgary,Alberta,3.6
,08-03-2023,Edmonton,Alberta,1.5
,08-03-2023,Ottawa,Ontario,2.3
,08-03-2023,Winnipeg,Manitoba,3.7
,08-03-2023,Hamilton,Ontario,2.4
,08-03-2023,Kitchener,Ontario,2.8
,08-03-2023,Waterloo,Ontario,4.3
,09-03-2023,Toronto,Ontario,2.6
,09-03-2023,Vancouver,British Columbia,13.5
,09-03-2023,Montreal,Quebec,1.2
,09-03-2023,Calgary,Alberta,7.9
,09-03-2023,Edmonton,Alberta,6.2
,09-03-2023,Ottawa,Ontario,14.7
,09-03-2023,Winnipeg,Manitoba,1.7
,09-03-2023,Hamilton,Ontario,6
,09-03-2023,Kitchener,Ontario,14.5
,09-03-2023,Waterloo,Ontario,13
,10-03-2023,Toronto,Ontario,12.3
,10-03-2023,Vancouver,British Columbia,3.9
,10-03-2023,Montreal,Quebec,2.6
,10-03-2023,Calgary,Alberta,10
,10-03-2023,Edmonton,Alberta,13.9
,10-03-2023,Ottawa,Ontario,8.4
,10-03-2023,Winnipeg,Manitoba,8.6
,10-03-2023,Hamilton,Ontario,4.2
,10-03-2023,Kitchener,Ontario,11.5
,10-03-2023,Waterloo,Ontario,2.8
,11-03-2023,Toronto,Ontario,4.9
,11-03-2023,Vancouver,British Columbia,6.4
,11-03-2023,Montreal,Quebec,7.6
,11-03-2023,Calgary,Alberta,3.6
,11-03-2023,Edmonton,Alberta,1.7
,11-03-2023,Ottawa,Ontario,9.2
,11-03-2023,Winnipeg,Manitoba,4.3
,11-03-2023,Hamilton,Ontario,8.7
,11-03-2023,Kitchener,Ontario,2.3
,11-03-2023,Waterloo,Ontario,7.2
,12-03-2023,Toronto,Ontario,8
,12-03-2023,Vancouver,British Columbia,0.8
,12-03-2023,Montreal,Quebec,5
,12-03-2023,Calgary,Alberta,2
,12-03-2023,Edmonton,Alberta,1
,12-03-2023,Ottawa,Ontario,14.8
,12-03-2023,Winnipeg,Manitoba,4.8
,12-03-2023,Hamilton,Ontario,12.1
,12-03-2023,Kitchener,Ontario,3.8
,12-03-2023,Waterloo,Ontario,10.2
,13-03-2023,Toronto,Ontario,11.4
,13-03-2023,Vancouver,British Columbia,8.9
,13-03-2023,Montreal,Quebec,7.1
,13-03-2023,Calgary,Alberta,6.2
,13-03-2023,Edmonton,Alberta,5.2
,13-03-2023,Ottawa,Ontario,13.9
,13-03-2023,Winnipeg,Manitoba,12.5
,13-03-2023,Hamilton,Ontario,14.5
,13-03-2023,Kitchener,Ontario,1.9
,13-03-2023,Waterloo,Ontario,11
,14-03-2023,Toronto,Ontario,14.1
,14-03-2023,Vancouver,British Columbia,2.7
,14-03-2023,Montreal,Quebec,1
,14-03-2023,Calgary,Alberta,11.1
,14-03-2023,Edmonton,Alberta,8.6
,14-03-2023,Ottawa,Ontario,12.6
,14-03-2023,Winnipeg,Manitoba,2.1
,14-03-2023,Hamilton,Ontario,11.9
,14-03-2023,Kitchener,Ontario,3
,14-03-2023,Waterloo,Ontario,2.5
,15-03-2023,Toronto,Ontario,2.5
,15-03-2023,Vancouver,British Columbia,12.2
,15-03-2023,Montreal,Quebec,10
,15-03-2023,Calgary,Alberta,7.8
,15-03-2023,Edmonton,Alberta,5.4
,15-03-2023,Ottawa,Ontario,13.2
,15-03-2023,Winnipeg,Manitoba,5.9
,15-03-2023,Hamilton,Ontario,12.2
,15-03-2023,Kitchener,Ontario,6.6
,15-03-2023,Waterloo,Ontario,5.7
,16-03-2023,Toronto,Ontario,6.9
,16-03-2023,Vancouver,British Columbia,4.5
,16-03-2023,Montreal,Quebec,11.2
,16-03-2023,Calgary,Alberta,7.5
,16-03-2023,Edmonton,Alberta,3.5
,16-03-2023,Ottawa,Ontario,13.5
,16-03-2023,Winnipeg,Manitoba,5.8
,16-03-2023,Hamilton,Ontario,8.2
,16-03-2023,Kitchener,Ontario,13.6
,16-03-2023,Waterloo,Ontario,9.4
,17-03-2023,Toronto,Ontario,1.8
,17-03-2023,Vancouver,British Columbia,14.1
,17-03-2023,Montreal,Quebec,9.4
,17-03-2023,Calgary,Alberta,5
,17-03-2023,Edmonton,Alberta,2.1
,17-03-2023,Ottawa,Ontario,11.9
,17-03-2023,Winnipeg,Manitoba,9.3
,17-03-2023,Hamilton,Ontario,8
,17-03-2023,Kitchener,Ontario,13.4
,17-03-2023,Waterloo,Ontario,11.8
,18-03-2023,Toronto,Ontario,2.3
,18-03-2023,Vancouver,British Columbia,4.7
,18-03-2023,Montreal,Quebec,3.7
,18-03-2023,Calgary,Alberta,11.2
,18-03-2023,Edmonton,Alberta,0.5
,18-03-2023,Ottawa,Ontario,8.5
,18-03-2023,Winnipeg,Manitoba,11.4
,18-03-2023,Hamilton,Ontario,13.2
,18-03-2023,Kitchener,Ontario,5.1
,18-03-2023,Waterloo,Ontario,12.3
,19-03-2023,Toronto,Ontario,1.7
,19-03-2023,Vancouver,British Columbia,12.7
,19-03-2023,Montreal,Quebec,1.9
,19-03-2023,Calgary,Alberta,6
,19-03-2023,Edmonton,Alberta,12
,19-03-2023,Ottawa,Ontario,2.2
,19-03-2023,Winnipeg,Manitoba,3.4
,19-03-2023,Hamilton,Ontario,10.8
,19-03-2023,Kitchener,Ontario,10.8
,19-03-2023,Waterloo,Ontario,9.6
,20-03-2023,Toronto,Ontario,10.4
,20-03-2023,Vancouver,British Columbia,8.1
,20-03-2023,Montreal,Quebec,3.8
,20-03-2023,Calgary,Alberta,5.2
,20-03-2023,Edmonton,Alberta,2.7
,20-03-2023,Ottawa,Ontario,13.6
,20-03-2023,Winnipeg,Manitoba,8.8
,20-03-2023,Hamilton,Ontario,6
,20-03-2023,Kitchener,Ontario,6.9
,20-03-2023,Waterloo,Ontario,14.2
,21-03-2023,Toronto,Ontario,2.3
,21-03-2023,Vancouver,British Columbia,8.8
,21-03-2023,Montreal,Quebec,7.6
,21-03-2023,Calgary,Alberta,9.2
,21-03-2023,Edmonton,Alberta,0.3
,21-03-2023,Ottawa,Ontario,13.1
,21-03-2023,Winnipeg,Manitoba,14
,21-03-2023,Hamilton,Ontario,8.5
,21-03-2023,Kitchener,Ontario,10.4
,21-03-2023,Waterloo,Ontario,13.8
,22-03-2023,Toronto,Ontario,10.6
,22-03-2023,Vancouver,British Columbia,2.3
,22-03-2023,Montreal,Quebec,8.6
,22-03-2023,Calgary,Alberta,9.1
,22-03-2023,Edmonton,Alberta,6.4
,22-03-2023,Ottawa,Ontario,11
,22-03-2023,Winnipeg,Manitoba,14
,22-03-2023,Hamilton,Ontario,13.9
,22-03-2023,Kitchener,Ontario,6.8
,22-03-2023,Waterloo,Ontario,1.7
,23-03-2023,Toronto,Ontario,14.8
,23-03-2023,Vancouver,British Columbia,12.6
,23-03-2023,Montreal,Quebec,1.9
,23-03-2023,Calgary,Alberta,13.8
,23-03-2023,Edmonton,Alberta,13
,23-03-2023,Ottawa,Ontario,7.8
,23-03-2023,Winnipeg,Manitoba,8.9
,23-03-2023,Hamilton,Ontario,6
,23-03-2023,Kitchener,Ontario,0.8
,23-03-2023,Waterloo,Ontario,5
,24-03-2023,Toronto,Ontario,12
,24-03-2023,Vancouver,British Columbia,0.1
,24-03-2023,Montreal,Quebec,5
,24-03-2023,Calgary,Alberta,6
,24-03-2023,Edmonton,Alberta,8.1
,24-03-2023,Ottawa,Ontario,13.8
,24-03-2023,Winnipeg,Manitoba,5.2
,24-03-2023,Hamilton,Ontario,5.2
,24-03-2023,Kitchener,Ontario,11.1
,24-03-2023,Waterloo,Ontario,6.8
,25-03-2023,Toronto,Ontario,3.4
,25-03-2023,Vancouver,British Columbia,6.8
,25-03-2023,Montreal,Quebec,2.1
,25-03-2023,Calgary,Alberta,2.6
,25-03-2023,Edmonton,Alberta,7.5
,25-03-2023,Ottawa,Ontario,6.3
,25-03-2023,Winnipeg,Manitoba,13.7
,25-03-2023,Hamilton,Ontario,5.4
,25-03-2023,Kitchener,Ontario,8.7
,25-03-2023,Waterloo,Ontario,9.5
,26-03-2023,Toronto,Ontario,0.2
,26-03-2023,Vancouver,British Columbia,10
,26-03-2023,Montreal,Quebec,2.7
,26-03-2023,Calgary,Alberta,14.4
,26-03-2023,Edmonton,Alberta,2.2
,26-03-2023,Ottawa,Ontario,6.2
,26-03-2023,Winnipeg,Manitoba,1.3
,26-03-2023,Hamilton,Ontario,15
,26-03-2023,Kitchener,Ontario,7.5
,26-03-2023,Waterloo,Ontario,8.9
,27-03-2023,Toronto,Ontario,1
,27-03-2023,Vancouver,British Columbia,11.2
,27-03-2023,Montreal,Quebec,3.1
,27-03-2023,Calgary,Alberta,13.5
,27-03-2023,Edmonton,Alberta,3.1
,27-03-2023,Ottawa,Ontario,2.9
,27-03-2023,Winnipeg,Manitoba,0.5
,27-03-2023,Hamilton,Ontario,7.1
,27-03-2023,Kitchener,Ontario,8.5
,27-03-2023,Waterloo,Ontario,1
,28-03-2023,Toronto,Ontario,11.6
,28-03-2023,Vancouver,British Columbia,6.8
,28-03-2023,Montreal,Quebec,7.9
,28-03-2023,Calgary,Alberta,6.6
,28-03-2023,Edmonton,Alberta,6
,28-03-2023,Ottawa,Ontario,8.4
,28-03-2023,Winnipeg,Manitoba,2.3
,28-03-2023,Hamilton,Ontario,2.7
,28-03-2023,Kitchener,Ontario,12.9
,28-03-2023,Waterloo,Ontario,14.2
,29-03-2023,Toronto,Ontario,5.6
,29-03-2023,Vancouver,British Columbia,4.1
,29-03-2023,Montreal,Quebec,9.7
,29-03-2023,Calgary,Alberta,6.1
,29-03-2023,Edmonton,Alberta,0.4
,29-03-2023,Ottawa,Ontario,2.3
,29-03-2023,Winnipeg,Manitoba,10.7
,29-03-2023,Hamilton,Ontario,9.9
,29-03-2023,Kitchener,Ontario,0.4
,29-03-2023,Waterloo,Ontario,3.3
,30-03-2023,Toronto,Ontario,3.5
,30-03-2023,Vancouver,British Columbia,10.1
,30-03-2023,Montreal,Quebec,0.3
,30-03-2023,Calgary,Alberta,1.6
,30-03-2023,Edmonton,Alberta,12
,30-03-2023,Ottawa,Ontario,2.7
,30-03-2023,Winnipeg,Manitoba,9.8
,30-03-2023,Hamilton,Ontario,3.6
,30-03-2023,Kitchener,Ontario,1.5
,30-03-2023,Waterloo,Ontario,3.6
,31-03-2023,Toronto,Ontario,10.8
,31-03-2023,Vancouver,British Columbia,12.8
,31-03-2023,Montreal,Quebec,12.5
,31-03-2023,Calgary,Alberta,6
,31-03-2023,Edmonton,Alberta,10
,31-03-2023,Ottawa,Ontario,3.1
,31-03-2023,Winnipeg,Manitoba,4.4
,31-03-2023,Hamilton,Ontario,13.4
,31-03-2023,Kitchener,Ontario,0.2
,31-03-2023,Waterloo,Ontario,1.3
,01-04-2023,Toronto,Ontario,3.1
,01-04-2023,Vancouver,British Columbia,0.4
,01-04-2023,Montreal,Quebec,2.7
,01-04-2023,Calgary,Alberta,8.7
,01-04-2023,Edmonton,Alberta,6.3
,01-04-2023,Ottawa,Ontario,13.4
,01-04-2023,Winnipeg,Manitoba,12.3
,01-04-2023,Hamilton,Ontario,5.1
,01-04-2023,Kitchener,Ontario,3.9
,01-04-2023,Waterloo,Ontario,5.7
,02-04-2023,Toronto,Ontario,8.9
,02-04-2023,Vancouver,British Columbia,4
,02-04-2023,Montreal,Quebec,9.4
,02-04-2023,Calgary,Alberta,6.1
,02-04-2023,Edmonton,Alberta,8.3
,02-04-2023,Ottawa,Ontario,6.5
,02-04-2023,Winnipeg,Manitoba,4.4
,02-04-2023,Hamilton,Ontario,14.2
,02-04-2023,Kitchener,Ontario,11.5
,02-04-2023,Waterloo,Ontario,2.1
,03-04-2023,Toronto,Ontario,13
,03-04-2023,Vancouver,British Columbia,7.3
,03-04-2023,Montreal,Quebec,13.4
,03-04-2023,Calgary,Alberta,12
,03-04-2023,Edmonton,Alberta,6.4
,03-04-2023,Ottawa,Ontario,0.3
,03-04-2023,Winnipeg,Manitoba,4
,03-04-2023,Hamilton,Ontario,8.1
,03-04-2023,Kitchener,Ontario,9.5
,03-04-2023,Waterloo,Ontario,3.9
,04-04-2023,Toronto,Ontario,2.1
,04-04-2023,Vancouver,British Columbia,12.5
,04-04-2023,Montreal,Quebec,14.8
,04-04-2023,Calgary,Alberta,7.9
,04-04-2023,Edmonton,Alberta,2.6
,04-04-2023,Ottawa,Ontario,4.1
,04-04-2023,Winnipeg,Manitoba,0.3
,04-04-2023,Hamilton,Ontario,13.7
,04-04-2023,Kitchener,Ontario,1.8
,04-04-2023,Waterloo,Ontario,8.6
,05-04-2023,Toronto,Ontario,4.1
,05-04-2023,Vancouver,British Columbia,8.3
,05-04-2023,Montreal,Quebec,9.8
,05-04-2023,Calgary,Alberta,12.4
,05-04-2023,Edmonton,Alberta,3.1
,05-04-2023,Ottawa,Ontario,0.2
,05-04-2023,Winnipeg,Manitoba,2.1
,05-04-2023,Hamilton,Ontario,13.5
,05-04-2023,Kitchener,Ontario,13.1
,05-04-2023,Waterloo,Ontario,9
,06-04-2023,Toronto,Ontario,9
,06-04-2023,Vancouver,British Columbia,10
,06-04-2023,Montreal,Quebec,2.6
,06-04-2023,Calgary,Alberta,13.7
,06-04-2023,Edmonton,Alberta,6.3
,06-04-2023,Ottawa,Ontario,5.7
,06-04-2023,Winnipeg,Manitoba,7.8
,06-04-2023,Hamilton,Ontario,0.7
,06-04-2023,Kitchener,Ontario,2.5
,06-04-2023,Waterloo,Ontario,11.1
,07-04-2023,Toronto,Ontario,1.2
,07-04-2023,Vancouver,British Columbia,9
,07-04-2023,Montreal,Quebec,3.7
,07-04-2023,Calgary,Alberta,5.8
,07-04-2023,Edmonton,Alberta,4.3
,07-04-2023,Ottawa,Ontario,5.3
,07-04-2023,Winnipeg,Manitoba,10.8
,07-04-2023,Hamilton,Ontario,4.5
,07-04-2023,Kitchener,Ontario,8.5
,07-04-2023,Waterloo,Ontario,7.1
,08-04-2023,Toronto,Ontario,10
,08-04-2023,Vancouver,British Columbia,14.1
,08-04-2023,Montreal,Quebec,11
,08-04-2023,Calgary,Alberta,3.2
,08-04-2023,Edmonton,Alberta,0.5
,08-04-2023,Ottawa,Ontario,3.9
,08-04-2023,Winnipeg,Manitoba,8.9
,08-04-2023,Hamilton,Ontario,0.8
,08-04-2023,Kitchener,Ontario,7.4
,08-04-2023,Waterloo,Ontario,9
,09-04-2023,Toronto,Ontario,5
,09-04-2023,Vancouver,British Columbia,11.6
,09-04-2023,Montreal,Quebec,1.6
,09-04-2023,Calgary,Alberta,1.1
,09-04-2023,Edmonton,Alberta,10.9
,09-04-2023,Ottawa,Ontario,7.4
,09-04-2023,Winnipeg,Manitoba,10.3
,09-04-2023,Hamilton,Ontario,6.5
,09-04-2023,Kitchener,Ontario,3.7
,09-04-2023,Waterloo,Ontario,12.3
,10-04-2023,Toronto,Ontario,12
,10-04-2023,Vancouver,British Columbia,10.4
,10-04-2023,Montreal,Quebec,4.1
,10-04-2023,Calgary,Alberta,8.9
,10-04-2023,Edmonton,Alberta,5.4
,10-04-2023,Ottawa,Ontario,1.4
,10-04-2023,Winnipeg,Manitoba,13.8
,10-04-2023,Hamilton,Ontario,2.1
,10-04-2023,Kitchener,Ontario,14.3
,10-04-2023,Waterloo,Ontario,6.7
,11-04-2023,Toronto,Ontario,2.8
,11-04-2023,Vancouver,British Columbia,8.1
,11-04-2023,Montreal,Quebec,13.1
,11-04-2023,Calgary,Alberta,11
,11-04-2023,Edmonton,Alberta,12.1
,11-04-2023,Ottawa,Ontario,9.9
,11-04-2023,Winnipeg,Manitoba,10.4
,11-04-2023,Hamilton,Ontario,12.7
,11-04-2023,Kitchener,Ontario,3.7
,11-04-2023,Waterloo,Ontario,7.3
,12-04-2023,Toronto,Ontario,3.3
,12-04-2023,Vancouver,British Columbia,14.8
,12-04-2023,Montreal,Quebec,14.2
,12-04-2023,Calgary,Alberta,0.6
,12-04-2023,Edmonton,Alberta,10.6
,12-04-2023,Ottawa,Ontario,13.9
,12-04-2023,Winnipeg,Manitoba,2.7
,12-04-2023,Hamilton,Ontario,8.5
,12-04-2023,Kitchener,Ontario,13.7
,12-04-2023,Waterloo,Ontario,0.5
,13-04-2023,Toronto,Ontario,10.5
,13-04-2023,Vancouver,British Columbia,4.5
,13-04-2023,Montreal,Quebec,13.9
,13-04-2023,Calgary,Alberta,14.6
,13-04-2023,Edmonton,Alberta,14.2
,13-04-2023,Ottawa,Ontario,7.1
,13-04-2023,Winnipeg,Manitoba,12.9
,13-04-2023,Hamilton,Ontario,12.7
,13-04-2023,Kitchener,Ontario,4.8
,13-04-2023,Waterloo,Ontario,12.4
,14-04-2023,Toronto,Ontario,0.6
,14-04-2023,Vancouver,British Columbia,8.9
,14-04-2023,Montreal,Quebec,3.5
,14-04-2023,Calgary,Alberta,1.8
,14-04-2023,Edmonton,Alberta,1.2
,14-04-2023,Ottawa,Ontario,10.4
,14-04-2023,Winnipeg,Manitoba,5.1
,14-04-2023,Hamilton,Ontario,10.9
,14-04-2023,Kitchener,Ontario,1
,14-04-2023,Waterloo,Ontario,4.7
,15-04-2023,Toronto,Ontario,8.1
,15-04-2023,Vancouver,British Columbia,11.9
,15-04-2023,Montreal,Quebec,4.8
,15-04-2023,Calgary,Alberta,9.4
,15-04-2023,Edmonton,Alberta,13.3
,15-04-2023,Ottawa,Ontario,9.2
,15-04-2023,Winnipeg,Manitoba,3.5
,15-04-2023,Hamilton,Ontario,0.4
,15-04-2023,Kitchener,Ontario,13.1
,15-04-2023,Waterloo,Ontario,0.3
,16-04-2023,Toronto,Ontario,13.1
,16-04-2023,Vancouver,British Columbia,7.9
,16-04-2023,Montreal,Quebec,14.1
,16-04-2023,Calgary,Alberta,12
,16-04-2023,Edmonton,Alberta,15
,16-04-2023,Ottawa,Ontario,5.3
,16-04-2023,Winnipeg,Manitoba,11.5
,16-04-2023,Hamilton,Ontario,6
,16-04-2023,Kitchener,Ontario,7.2
,16-04-2023,Waterloo,Ontario,9.4
,17-04-2023,Toronto,Ontario,13.1
,17-04-2023,Vancouver,British Columbia,14.8
,17-04-2023,Montreal,Quebec,11.5
,17-04-2023,Calgary,Alberta,6.3
,17-04-2023,Edmonton,Alberta,6.3
,17-04-2023,Ottawa,Ontario,11.1
,17-04-2023,Winnipeg,Manitoba,3.6
,17-04-2023,Hamilton,Ontario,1.7
,17-04-2023,Kitchener,Ontario,5.3
,17-04-2023,Waterloo,Ontario,4.3
,18-04-2023,Toronto,Ontario,4.4
,18-04-2023,Vancouver,British Columbia,3.5
,18-04-2023,Montreal,Quebec,0.6
,18-04-2023,Calgary,Alberta,0.3
,18-04-2023,Edmonton,Alberta,14.8
,18-04-2023,Ottawa,Ontario,6.4
,18-04-2023,Winnipeg,Manitoba,5.8
,18-04-2023,Hamilton,Ontario,10.2
,18-04-2023,Kitchener,Ontario,3.3
,18-04-2023,Waterloo,Ontario,14.2
,19-04-2023,Toronto,Ontario,11.8
,19-04-2023,Vancouver,British Columbia,1.3
,19-04-2023,Montreal,Quebec,6.3
,19-04-2023,Calgary,Alberta,13.2
,19-04-2023,Edmonton,Alberta,14.2
,19-04-2023,Ottawa,Ontario,7
,19-04-2023,Winnipeg,Manitoba,9.2
,19-04-2023,Hamilton,Ontario,2.5
,19-04-2023,Kitchener,Ontario,14.9
,19-04-2023,Waterloo,Ontario,3.5
,20-04-2023,Toronto,Ontario,14.1
,20-04-2023,Vancouver,British Columbia,9.7
,20-04-2023,Montreal,Quebec,9.1
,20-04-2023,Calgary,Alberta,7.7
,20-04-2023,Edmonton,Alberta,3.5
,20-04-2023,Ottawa,Ontario,2.6
,20-04-2023,Winnipeg,Manitoba,3.3
,20-04-2023,Hamilton,Ontario,2.8
,20-04-2023,Kitchener,Ontario,11.7
,20-04-2023,Waterloo,Ontario,5.3
,21-04-2023,Toronto,Ontario,0.9
,21-04-2023,Vancouver,British Columbia,14.5
,21-04-2023,Montreal,Quebec,13.3
,21-04-2023,Calgary,Alberta,13.9
,21-04-2023,Edmonton,Alberta,14.9
,21-04-2023,Ottawa,Ontario,2.6
,21-04-2023,Winnipeg,Manitoba,5.9
,21-04-2023,Hamilton,Ontario,11.4
,21-04-2023,Kitchener,Ontario,10.4
,21-04-2023,Waterloo,Ontario,2.3
,22-04-2023,Toronto,Ontario,12.2
,22-04-2023,Vancouver,British Columbia,3.4
,22-04-2023,Montreal,Quebec,3.4
,22-04-2023,Calgary,Alberta,8.1
,22-04-2023,Edmonton,Alberta,8.9
,22-04-2023,Ottawa,Ontario,8.7
,22-04-2023,Winnipeg,Manitoba,1.4
,22-04-2023,Hamilton,Ontario,13.2
,22-04-2023,Kitchener,Ontario,4
,22-04-2023,Waterloo,Ontario,1.9
,23-04-2023,Toronto,Ontario,13.3
,23-04-2023,Vancouver,British Columbia,14.3
,23-04-2023,Montreal,Quebec,12.9
,23-04-2023,Calgary,Alberta,12.1
,23-04-2023,Edmonton,Alberta,9.8
,23-04-2023,Ottawa,Ontario,8.3
,23-04-2023,Winnipeg,Manitoba,1.3
,23-04-2023,Hamilton,Ontario,6.1
,23-04-2023,Kitchener,Ontario,5.6
,23-04-2023,Waterloo,Ontario,3.9
,24-04-2023,Toronto,Ontario,10.9
,24-04-2023,Vancouver,British Columbia,7.4
,24-04-2023,Montreal,Quebec,1.2
,24-04-2023,Calgary,Alberta,3.3
,24-04-2023,Edmonton,Alberta,10.2
,24-04-2023,Ottawa,Ontario,1.1
,24-04-2023,Winnipeg,Manitoba,12.8
,24-04-2023,Hamilton,Ontario,7.4
,24-04-2023,Kitchener,Ontario,7.2
,24-04-2023,Waterloo,Ontario,8.9
,25-04-2023,Toronto,Ontario,12.4
,25-04-2023,Vancouver,British Columbia,5.2
,25-04-2023,Montreal,Quebec,10.2
,25-04-2023,Calgary,Alberta,8.5
,25-04-2023,Edmonton,Alberta,4
,25-04-2023,Ottawa,Ontario,13.2
,25-04-2023,Winnipeg,Manitoba,12
,25-04-2023,Hamilton,Ontario,9.9
,25-04-2023,Kitchener,Ontario,12.8
,25-04-2023,Waterloo,Ontario,13
,26-04-2023,Toronto,Ontario,10.6
,26-04-2023,Vancouver,British Columbia,12.6
,26-04-2023,Montreal,Quebec,10.5
,26-04-2023,Calgary,Alberta,10.2
,26-04-2023,Edmonton,Alberta,9.3
,26-04-2023,Ottawa,Ontario,11.3
,26-04-2023,Winnipeg,Manitoba,2.4
,26-04-2023,Hamilton,Ontario,13.2
,26-04-2023,Kitchener,Ontario,13.1
,26-04-2023,Waterloo,Ontario,0.4
,27-04-2023,Toronto,Ontario,12.4
,27-04-2023,Vancouver,British Columbia,1.9
,27-04-2023,Montreal,Quebec,5
,27-04-2023,Calgary,Alberta,11.2
,27-04-2023,Edmonton,Alberta,2.4
,27-04-2023,Ottawa,Ontario,12.3
,27-04-2023,Winnipeg,Manitoba,12.5
,27-04-2023,Hamilton,Ontario,7.6
,27-04-2023,Kitchener,Ontario,0.1
,27-04-2023,Waterloo,Ontario,4.3
,28-04-2023,Toronto,Ontario,9.3
,28-04-2023,Vancouver,British Columbia,14.7
,28-04-2023,Montreal,Quebec,9.5
,28-04-2023,Calgary,Alberta,3.9
,28-04-2023,Edmonton,Alberta,9.5
,28-04-2023,Ottawa,Ontario,8.1
,28-04-2023,Winnipeg,Manitoba,11.7
,28-04-2023,Hamilton,Ontario,1.6
,28-04-2023,Kitchener,Ontario,11.4
,28-04-2023,Waterloo,Ontario,8.1
,29-04-2023,Toronto,Ontario,14.4
,29-04-2023,Vancouver,British Columbia,5.1
,29-04-2023,Montreal,Quebec,9.5
,29-04-2023,Calgary,Alberta,14
,29-04-2023,Edmonton,Alberta,1.5
,29-04-2023,Ottawa,Ontario,14.1
,29-04-2023,Winnipeg,Manitoba,10.3
,29-04-2023,Hamilton,Ontario,1
,29-04-2023,Kitchener,Ontario,4.5
,29-04-2023,Waterloo,Ontario,10.6
,30-04-2023,Toronto,Ontario,1
,30-04-2023,Vancouver,British Columbia,8.7
,30-04-2023,Montreal,Quebec,5.2
,30-04-2023,Calgary,Alberta,9.3
,30-04-2023,Edmonton,Alberta,0.7
,30-04-2023,Ottawa,Ontario,13.1
,30-04-2023,Winnipeg,Manitoba,14.6
,30-04-2023,Hamilton,Ontario,14.5
,30-04-2023,Kitchener,Ontario,11.2
,30-04-2023,Waterloo,Ontario,2
,01-05-2023,Toronto,Ontario,11.4
,01-05-2023,Vancouver,British Columbia,0.4
,01-05-2023,Montreal,Quebec,0.3
,01-05-2023,Calgary,Alberta,4.9
,01-05-2023,Edmonton,Alberta,7.3
,01-05-2023,Ottawa,Ontario,11.6
,01-05-2023,Winnipeg,Manitoba,10.2
,01-05-2023,Hamilton,Ontario,6.7
,01-05-2023,Kitchener,Ontario,4.1
,01-05-2023,Waterloo,Ontario,15
,02-05-2023,Toronto,Ontario,6.4
,02-05-2023,Vancouver,British Columbia,6.8
,02-05-2023,Montreal,Quebec,2.5
,02-05-2023,Calgary,Alberta,11.9
,02-05-2023,Edmonton,Alberta,10.4
,02-05-2023,Ottawa,Ontario,3.3
,02-05-2023,Winnipeg,Manitoba,1.2
,02-05-2023,Hamilton,Ontario,10.2
,02-05-2023,Kitchener,Ontario,9.8
,02-05-2023,Waterloo,Ontario,4.1
,03-05-2023,Toronto,Ontario,14.3
,03-05-2023,Vancouver,British Columbia,2.3
,03-05-2023,Montreal,Quebec,6.5
,03-05-2023,Calgary,Alberta,14.2
,03-05-2023,Edmonton,Alberta,6.3
,03-05-2023,Ottawa,Ontario,9.6
,03-05-2023,Winnipeg,Manitoba,6
,03-05-2023,Hamilton,Ontario,4.1
,03-05-2023,Kitchener,Ontario,14.8
,03-05-2023,Waterloo,Ontario,6.1
,04-05-2023,Toronto,Ontario,13.4
,04-05-2023,Vancouver,British Columbia,3.4
,04-05-2023,Montreal,Quebec,3.2
,04-05-2023,Calgary,Alberta,0.5
,04-05-2023,Edmonton,Alberta,9.8
,04-05-2023,Ottawa,Ontario,5.5
,04-05-2023,Winnipeg,Manitoba,13
,04-05-2023,Hamilton,Ontario,7.1
,04-05-2023,Kitchener,Ontario,14.5
,04-05-2023,Waterloo,Ontario,2.8
,05-05-2023,Toronto,Ontario,13
,05-05-2023,Vancouver,British Columbia,11.6
,05-05-2023,Montreal,Quebec,11.6
,05-05-2023,Calgary,Alberta,12.7
,05-05-2023,Edmonton,Alberta,11.4
,05-05-2023,Ottawa,Ontario,9.4
,05-05-2023,Winnipeg,Manitoba,2
,05-05-2023,Hamilton,Ontario,0.5
,05-05-2023,Kitchener,Ontario,13.8
,05-05-2023,Waterloo,Ontario,9.2
,06-05-2023,Toronto,Ontario,11.9
,06-05-2023,Vancouver,British Columbia,7.2
,06-05-2023,Montreal,Quebec,1.8
,06-05-2023,Calgary,Alberta,1.9
,06-05-2023,Edmonton,Alberta,10.3
,06-05-2023,Ottawa,Ontario,6.5
,06-05-2023,Winnipeg,Manitoba,3
,06-05-2023,Hamilton,Ontario,7.4
,06-05-2023,Kitchener,Ontario,1
,06-05-2023,Waterloo,Ontario,8.7
,07-05-2023,Toronto,Ontario,4
,07-05-2023,Vancouver,British Columbia,12
,07-05-2023,Montreal,Quebec,4.7
,07-05-2023,Calgary,Alberta,6.8
,07-05-2023,Edmonton,Alberta,0.2
,07-05-2023,Ottawa,Ontario,1.1
,07-05-2023,Winnipeg,Manitoba,5.9
,07-05-2023,Hamilton,Ontario,7.2
,07-05-2023,Kitchener,Ontario,9
,07-05-2023,Waterloo,Ontario,4.4
,08-05-2023,Toronto,Ontario,10.4
,08-05-2023,Vancouver,British Columbia,12.9
,08-05-2023,Montreal,Quebec,11.7
,08-05-2023,Calgary,Alberta,0.6
,08-05-2023,Edmonton,Alberta,7.2
,08-05-2023,Ottawa,Ontario,1.6
,08-05-2023,Winnipeg,Manitoba,3.6
,08-05-2023,Hamilton,Ontario,14.8
,08-05-2023,Kitchener,Ontario,2.1
,08-05-2023,Waterloo,Ontario,7.5
,09-05-2023,Toronto,Ontario,9.3
,09-05-2023,Vancouver,British Columbia,10.5
,09-05-2023,Montreal,Quebec,8.4
,09-05-2023,Calgary,Alberta,0.1
,09-05-2023,Edmonton,Alberta,4.9
,09-05-2023,Ottawa,Ontario,7.8
,09-05-2023,Winnipeg,Manitoba,1.3
,09-05-2023,Hamilton,Ontario,5.3
,09-05-2023,Kitchener,Ontario,0.5
,09-05-2023,Waterloo,Ontario,1.2
,10-05-2023,Toronto,Ontario,6
,10-05-2023,Vancouver,British Columbia,2
,10-05-2023,Montreal,Quebec,8.5
,10-05-2023,Calgary,Alberta,10.3
,10-05-2023,Edmonton,Alberta,12
,10-05-2023,Ottawa,Ontario,3
,10-05-2023,Winnipeg,Manitoba,2.5
,10-05-2023,Hamilton,Ontario,1.6
,10-05-2023,Kitchener,Ontario,9.5
,10-05-2023,Waterloo,Ontario,10.6
,11-05-2023,Toronto,Ontario,0.5
,11-05-2023,Vancouver,British Columbia,14
,11-05-2023,Montreal,Quebec,0.8
,11-05-2023,Calgary,Alberta,8.1
,11-05-2023,Edmonton,Alberta,10.6
,11-05-2023,Ottawa,Ontario,13.1
,11-05-2023,Winnipeg,Manitoba,10.7
,11-05-2023,Hamilton,Ontario,12
,11-05-2023,Kitchener,Ontario,5.1
,11-05-2023,Waterloo,Ontario,12.2
,12-05-2023,Toronto,Ontario,1.2
,12-05-2023,Vancouver,British Columbia,13.4
,12-05-2023,Montreal,Quebec,8.2
,12-05-2023,Calgary,Alberta,12.3
,12-05-2023,Edmonton,Alberta,6.8
,12-05-2023,Ottawa,Ontario,9.7
,12-05-2023,Winnipeg,Manitoba,7.9
,12-05-2023,Hamilton,Ontario,11
,12-05-2023,Kitchener,Ontario,1.2
,12-05-2023,Waterloo,Ontario,0.9
,13-05-2023,Toronto,Ontario,3.7
,13-05-2023,Vancouver,British Columbia,2.4
,13-05-2023,Montreal,Quebec,13.1
,13-05-2023,Calgary,Alberta,3.3
,13-05-2023,Edmonton,Alberta,14.6
,13-05-2023,Ottawa,Ontario,5.1
,13-05-2023,Winnipeg,Manitoba,2.7
,13-05-2023,Hamilton,Ontario,11.8
,13-05-2023,Kitchener,Ontario,9.9
,13-05-2023,Waterloo,Ontario,7.5
,14-05-2023,Toronto,Ontario,8.3
,14-05-2023,Vancouver,British Columbia,10.8
,14-05-2023,Montreal,Quebec,3.4
,14-05-2023,Calgary,Alberta,14.9
,14-05-2023,Edmonton,Alberta,14.6
,14-05-2023,Ottawa,Ontario,9.8
,14-05-2023,Winnipeg,Manitoba,3
,14-05-2023,Hamilton,Ontario,10.2
,14-05-2023,Kitchener,Ontario,1.1
,14-05-2023,Waterloo,Ontario,0.5
,15-05-2023,Toronto,Ontario,3.9
,15-05-2023,Vancouver,British Columbia,6.9
,15-05-2023,Montreal,Quebec,13
,15-05-2023,Calgary,Alberta,10.9
,15-05-2023,Edmonton,Alberta,11.1
,15-05-2023,Ottawa,Ontario,6.4
,15-05-2023,Winnipeg,Manitoba,5.2
,15-05-2023,Hamilton,Ontario,5.6
,15-05-2023,Kitchener,Ontario,14.8
,15-05-2023,Waterloo,Ontario,0.6
,16-05-2023,Toronto,Ontario,13
,16-05-2023,Vancouver,British Columbia,8.7
,16-05-2023,Montreal,Quebec,6.6
,16-05-2023,Calgary,Alberta,10.9
,16-05-2023,Edmonton,Alberta,7.3
,16-05-2023,Ottawa,Ontario,13.1
,16-05-2023,Winnipeg,Manitoba,13.5
,16-05-2023,Hamilton,Ontario,6.3
,16-05-2023,Kitchener,Ontario,4.2
,16-05-2023,Waterloo,Ontario,8.9
,17-05-2023,Toronto,Ontario,13.7
,17-05-2023,Vancouver,British Columbia,3.2
,17-05-2023,Montreal,Quebec,9.3
,17-05-2023,Calgary,Alberta,9.5
,17-05-2023,Edmonton,Alberta,11
,17-05-2023,Ottawa,Ontario,2
,17-05-2023,Winnipeg,Manitoba,10.7
,17-05-2023,Hamilton,Ontario,13.6
,17-05-2023,Kitchener,Ontario,2.7
,17-05-2023,Waterloo,Ontario,3.6
,18-05-2023,Toronto,Ontario,14.6
,18-05-2023,Vancouver,British Columbia,2.7
,18-05-2023,Montreal,Quebec,12.8
,18-05-2023,Calgary,Alberta,7.4
,18-05-2023,Edmonton,Alberta,3.7
,18-05-2023,Ottawa,Ontario,13.1
,18-05-2023,Winnipeg,Manitoba,6.7
,18-05-2023,Hamilton,Ontario,7.7
,18-05-2023,Kitchener,Ontario,5.4
,18-05-2023,Waterloo,Ontario,8.9
,19-05-2023,Toronto,Ontario,2.5
,19-05-2023,Vancouver,British Columbia,5.9
,19-05-2023,Montreal,Quebec,14.5
,19-05-2023,Calgary,Alberta,3.9
,19-05-2023,Edmonton,Alberta,9.9
,19-05-2023,Ottawa,Ontario,4.9
,19-05-2023,Winnipeg,Manitoba,11.6
,19-05-2023,Hamilton,Ontario,2
,19-05-2023,Kitchener,Ontario,14.5
,19-05-2023,Waterloo,Ontario,6.8
,20-05-2023,Toronto,Ontario,3.5
,20-05-2023,Vancouver,British Columbia,1.1
,20-05-2023,Montreal,Quebec,2.5
,20-05-2023,Calgary,Alberta,7.8
,20-05-2023,Edmonton,Alberta,5.1
,20-05-2023,Ottawa,Ontario,12.4
,20-05-2023,Winnipeg,Manitoba,6.5
,20-05-2023,Hamilton,Ontario,3.7
,20-05-2023,Kitchener,Ontario,9.3
,20-05-2023,Waterloo,Ontario,10.6
,21-05-2023,Toronto,Ontario,2.5
,21-05-2023,Vancouver,British Columbia,2.5
,21-05-2023,Montreal,Quebec,0.6
,21-05-2023,Calgary,Alberta,11
,21-05-2023,Edmonton,Alberta,10
,21-05-2023,Ottawa,Ontario,7.1
,21-05-2023,Winnipeg,Manitoba,12.7
,21-05-2023,Hamilton,Ontario,12.1
,21-05-2023,Kitchener,Ontario,8.8
,21-05-2023,Waterloo,Ontario,13
,22-05-2023,Toronto,Ontario,3.1
,22-05-2023,Vancouver,British Columbia,1.7
,22-05-2023,Montreal,Quebec,4
,22-05-2023,Calgary,Alberta,0.9
,22-05-2023,Edmonton,Alberta,8
,22-05-2023,Ottawa,Ontario,14
,22-05-2023,Winnipeg,Manitoba,0.6
,22-05-2023,Hamilton,Ontario,1.8
,22-05-2023,Kitchener,Ontario,6.8
,22-05-2023,Waterloo,Ontario,14
,23-05-2023,Toronto,Ontario,4.7
,23-05-2023,Vancouver,British Columbia,7.6
,23-05-2023,Montreal,Quebec,0.6
,23-05-2023,Calgary,Alberta,2.2
,23-05-2023,Edmonton,Alberta,14.8
,23-05-2023,Ottawa,Ontario,14.5
,23-05-2023,Winnipeg,Manitoba,0.1
,23-05-2023,Hamilton,Ontario,14.3
,23-05-2023,Kitchener,Ontario,9.6
,23-05-2023,Waterloo,Ontario,13
,24-05-2023,Toronto,Ontario,6.8
,24-05-2023,Vancouver,British Columbia,7.7
,24-05-2023,Montreal,Quebec,7.3
,24-05-2023,Calgary,Alberta,10
,24-05-2023,Edmonton,Alberta,2.1
,24-05-2023,Ottawa,Ontario,0.4
,24-05-2023,Winnipeg,Manitoba,4.6
,24-05-2023,Hamilton,Ontario,10.6
,24-05-2023,Kitchener,Ontario,3
,24-05-2023,Waterloo,Ontario,10.1
,25-05-2023,Toronto,Ontario,14.5
,25-05-2023,Vancouver,British Columbia,1.4
,25-05-2023,Montreal,Quebec,10.1
,25-05-2023,Calgary,Alberta,6.7
,25-05-2023,Edmonton,Alberta,13
,25-05-2023,Ottawa,Ontario,2.7
,25-05-2023,Winnipeg,Manitoba,10.4
,25-05-2023,Hamilton,Ontario,12.6
,25-05-2023,Kitchener,Ontario,14.2
,25-05-2023,Waterloo,Ontario,10.2
,26-05-2023,Toronto,Ontario,7.5
,26-05-2023,Vancouver,British Columbia,9.3
,26-05-2023,Montreal,Quebec,13
,26-05-2023,Calgary,Alberta,8.6
,26-05-2023,Edmonton,Alberta,0.5
,26-05-2023,Ottawa,Ontario,14
,26-05-2023,Winnipeg,Manitoba,10.3
,26-05-2023,Hamilton,Ontario,10.1
,26-05-2023,Kitchener,Ontario,3.2
,26-05-2023,Waterloo,Ontario,9.9
,27-05-2023,Toronto,Ontario,5.9
,27-05-2023,Vancouver,British Columbia,9.8
,27-05-2023,Montreal,Quebec,1.6
,27-05-2023,Calgary,Alberta,9.9
,27-05-2023,Edmonton,Alberta,15
,27-05-2023,Ottawa,Ontario,0.7
,27-05-2023,Winnipeg,Manitoba,14.7
,27-05-2023,Hamilton,Ontario,6.1
,27-05-2023,Kitchener,Ontario,13.1
,27-05-2023,Waterloo,Ontario,11.7
,28-05-2023,Toronto,Ontario,8.5
,28-05-2023,Vancouver,British Columbia,11.1
,28-05-2023,Montreal,Quebec,13.2
,28-05-2023,Calgary,Alberta,6.1
,28-05-2023,Edmonton,Alberta,4.9
,28-05-2023,Ottawa,Ontario,10
,28-05-2023,Winnipeg,Manitoba,12.1
,28-05-2023,Hamilton,Ontario,11.4
,28-05-2023,Kitchener,Ontario,12
,28-05-2023,Waterloo,Ontario,6.5
,29-05-2023,Toronto,Ontario,12.3
,29-05-2023,Vancouver,British Columbia,1.8
,29-05-2023,Montreal,Quebec,8.2
,29-05-2023,Calgary,Alberta,0.1
,29-05-2023,Edmonton,Alberta,4.9
,29-05-2023,Ottawa,Ontario,5.5
,29-05-2023,Winnipeg,Manitoba,5.9
,29-05-2023,Hamilton,Ontario,10.4
,29-05-2023,Kitchener,Ontario,5.8
,29-05-2023,Waterloo,Ontario,6.7
,30-05-2023,Toronto,Ontario,3.6
,30-05-2023,Vancouver,British Columbia,5.6
,30-05-2023,Montreal,Quebec,3.4
,30-05-2023,Calgary,Alberta,1.1
,30-05-2023,Edmonton,Alberta,9.1
,30-05-2023,Ottawa,Ontario,10
,30-05-2023,Winnipeg,Manitoba,9.3
,30-05-2023,Hamilton,Ontario,7
,30-05-2023,Kitchener,Ontario,5.7
,30-05-2023,Waterloo,Ontario,13
,31-05-2023,Toronto,Ontario,7.8
,31-05-2023,Vancouver,British Columbia,7.2
,31-05-2023,Montreal,Quebec,0.4
,31-05-2023,Calgary,Alberta,5.1
,31-05-2023,Edmonton,Alberta,5.7
,31-05-2023,Ottawa,Ontario,6
,31-05-2023,Winnipeg,Manitoba,8.7
,31-05-2023,Hamilton,Ontario,8
,31-05-2023,Kitchener,Ontario,9.1
,31-05-2023,Waterloo,Ontario,11.5
,01-06-2023,Toronto,Ontario,31.3
,01-06-2023,Vancouver,British Columbia,29.4
,01-06-2023,Montreal,Quebec,34.1
,01-06-2023,Calgary,Alberta,15.4
,01-06-2023,Edmonton,Alberta,18.9
,01-06-2023,Ottawa,Ontario,15.2
,01-06-2023,Winnipeg,Manitoba,27.9
,01-06-2023,Hamilton,Ontario,33
,01-06-2023,Kitchener,Ontario,19.9
,01-06-2023,Waterloo,Ontario,33.5
,02-06-2023,Toronto,Ontario,16.2
,02-06-2023,Vancouver,British Columbia,33.7
,02-06-2023,Montreal,Quebec,22
,02-06-2023,Calgary,Alberta,17
,02-06-2023,Edmonton,Alberta,24.7
,02-06-2023,Ottawa,Ontario,20.1
,02-06-2023,Winnipeg,Manitoba,20.7
,02-06-2023,Hamilton,Ontario,21.1
,02-06-2023,Kitchener,Ontario,31.1
,02-06-2023,Waterloo,Ontario,25.8
,03-06-2023,Toronto,Ontario,21.2
,03-06-2023,Vancouver,British Columbia,27.2
,03-06-2023,Montreal,Quebec,29.3
,03-06-2023,Calgary,Alberta,20.5
,03-06-2023,Edmonton,Alberta,23.3
,03-06-2023,Ottawa,Ontario,17.4
,03-06-2023,Winnipeg,Manitoba,18.6
,03-06-2023,Hamilton,Ontario,28.6
,03-06-2023,Kitchener,Ontario,18.6
,03-06-2023,Waterloo,Ontario,25.5
,04-06-2023,Toronto,Ontario,29.2
,04-06-2023,Vancouver,British Columbia,17.1
,04-06-2023,Montreal,Quebec,26.3
,04-06-2023,Calgary,Alberta,20.1
,04-06-2023,Edmonton,Alberta,34.3
,04-06-2023,Ottawa,Ontario,24.7
,04-06-2023,Winnipeg,Manitoba,31.1
,04-06-2023,Hamilton,Ontario,26
,04-06-2023,Kitchener,Ontario,15.9
,04-06-2023,Waterloo,Ontario,27.7
,05-06-2023,Toronto,Ontario,34
,05-06-2023,Vancouver,British Columbia,27
,05-06-2023,Montreal,Quebec,31.4
,05-06-2023,Calgary,Alberta,32.7
,05-06-2023,Edmonton,Alberta,19.6
,05-06-2023,Ottawa,Ontario,19.2
,05-06-2023,Winnipeg,Manitoba,27.2
,05-06-2023,Hamilton,Ontario,23.2
,05-06-2023,Kitchener,Ontario,31.8
,05-06-2023,Waterloo,Ontario,33
,06-06-2023,Toronto,Ontario,22.1
,06-06-2023,Vancouver,British Columbia,19.7
,06-06-2023,Montreal,Quebec,30.6
,06-06-2023,Calgary,Alberta,20.5
,06-06-2023,Edmonton,Alberta,31.5
,06-06-2023,Ottawa,Ontario,23.5
,06-06-2023,Winnipeg,Manitoba,28.4
,06-06-2023,Hamilton,Ontario,16.9
,06-06-2023,Kitchener,Ontario,27.5
,06-06-2023,Waterloo,Ontario,24
,07-06-2023,Toronto,Ontario,26.7
,07-06-2023,Vancouver,British Columbia,18.4
,07-06-2023,Montreal,Quebec,29.7
,07-06-2023,Calgary,Alberta,32.3
,07-06-2023,Edmonton,Alberta,19.3
,07-06-2023,Ottawa,Ontario,16.9
,07-06-2023,Winnipeg,Manitoba,15.5
,07-06-2023,Hamilton,Ontario,27.8
,07-06-2023,Kitchener,Ontario,27.1
,07-06-2023,Waterloo,Ontario,25.9
,08-06-2023,Toronto,Ontario,19.6
,08-06-2023,Vancouver,British Columbia,22.8
,08-06-2023,Montreal,Quebec,26.9
,08-06-2023,Calgary,Alberta,24.9
,08-06-2023,Edmonton,Alberta,34.8
,08-06-2023,Ottawa,Ontario,17.7
,08-06-2023,Winnipeg,Manitoba,28.9
,08-06-2023,Hamilton,Ontario,23.1
,08-06-2023,Kitchener,Ontario,23.6
,08-06-2023,Waterloo,Ontario,29.4
,09-06-2023,Toronto,Ontario,28.8
,09-06-2023,Vancouver,British Columbia,34.8
,09-06-2023,Montreal,Quebec,17.6
,09-06-2023,Calgary,Alberta,17.1
,09-06-2023,Edmonton,Alberta,29.5
,09-06-2023,Ottawa,Ontario,26.6
,09-06-2023,Winnipeg,Manitoba,20.5
,09-06-2023,Hamilton,Ontario,16.6
,09-06-2023,Kitchener,Ontario,16.7
,09-06-2023,Waterloo,Ontario,32.9
,10-06-2023,Toronto,Ontario,18.8
,10-06-2023,Vancouver,British Columbia,21.5
,10-06-2023,Montreal,Quebec,19.5
,10-06-2023,Calgary,Alberta,22.1
,10-06-2023,Edmonton,Alberta,16.4
,10-06-2023,Ottawa,Ontario,25.4
,10-06-2023,Winnipeg,Manitoba,16.4
,10-06-2023,Hamilton,Ontario,31
,10-06-2023,Kitchener,Ontario,19.7
,10-06-2023,Waterloo,Ontario,25.8
,11-06-2023,Toronto,Ontario,32.6
,11-06-2023,Vancouver,British Columbia,28
,11-06-2023,Montreal,Quebec,25.7
,11-06-2023,Calgary,Alberta,21.5
,11-06-2023,Edmonton,Alberta,21.7
,11-06-2023,Ottawa,Ontario,28.4
,11-06-2023,Winnipeg,Manitoba,34.9
,11-06-2023,Hamilton,Ontario,28.2
,11-06-2023,Kitchener,Ontario,26.2
,11-06-2023,Waterloo,Ontario,29.6
,12-06-2023,Toronto,Ontario,24.3
,12-06-2023,Vancouver,British Columbia,16.2
,12-06-2023,Montreal,Quebec,26.2
,12-06-2023,Calgary,Alberta,34.2
,12-06-2023,Edmonton,Alberta,18.5
,12-06-2023,Ottawa,Ontario,28.8
,12-06-2023,Winnipeg,Manitoba,19
,12-06-2023,Hamilton,Ontario,25.7
,12-06-2023,Kitchener,Ontario,16.9
,12-06-2023,Waterloo,Ontario,24
,13-06-2023,Toronto,Ontario,30.1
,13-06-2023,Vancouver,British Columbia,22
,13-06-2023,Montreal,Quebec,28.3
,13-06-2023,Calgary,Alberta,30.9
,13-06-2023,Edmonton,Alberta,33.5
,13-06-2023,Ottawa,Ontario,19.7
,13-06-2023,Winnipeg,Manitoba,23
,13-06-2023,Hamilton,Ontario,18
,13-06-2023,Kitchener,Ontario,34.8
,13-06-2023,Waterloo,Ontario,33.5
,14-06-2023,Toronto,Ontario,25.8
,14-06-2023,Vancouver,British Columbia,31.8
,14-06-2023,Montreal,Quebec,25.4
,14-06-2023,Calgary,Alberta,27.5
,14-06-2023,Edmonton,Alberta,16.8
,14-06-2023,Ottawa,Ontario,30.1
,14-06-2023,Winnipeg,Manitoba,17.6
,14-06-2023,Hamilton,Ontario,31.5
,14-06-2023,Kitchener,Ontario,30.6
,14-06-2023,Waterloo,Ontario,29.2
,15-06-2023,Toronto,Ontario,15.7
,15-06-2023,Vancouver,British Columbia,21.1
,15-06-2023,Montreal,Quebec,20.3
,15-06-2023,Calgary,Alberta,22.2
,15-06-2023,Edmonton,Alberta,16.8
,15-06-2023,Ottawa,Ontario,33.7
,15-06-2023,Winnipeg,Manitoba,26.1
,15-06-2023,Hamilton,Ontario,21.1
,15-06-2023,Kitchener,Ontario,22.9
,15-06-2023,Waterloo,Ontario,23.9
,16-06-2023,Toronto,Ontario,27
,16-06-2023,Vancouver,British Columbia,25.3
,16-06-2023,Montreal,Quebec,33.4
,16-06-2023,Calgary,Alberta,24.9
,16-06-2023,Edmonton,Alberta,34.8
,16-06-2023,Ottawa,Ontario,32
,16-06-2023,Winnipeg,Manitoba,19.2
,16-06-2023,Hamilton,Ontario,33.6
,16-06-2023,Kitchener,Ontario,17.3
,16-06-2023,Waterloo,Ontario,31.3
,17-06-2023,Toronto,Ontario,22.6
,17-06-2023,Vancouver,British Columbia,32.6
,17-06-2023,Montreal,Quebec,32.4
,17-06-2023,Calgary,Alberta,31.1
,17-06-2023,Edmonton,Alberta,30.8
,17-06-2023,Ottawa,Ontario,21.1
,17-06-2023,Winnipeg,Manitoba,16.6
,17-06-2023,Hamilton,Ontario,23.1
,17-06-2023,Kitchener,Ontario,18.5
,17-06-2023,Waterloo,Ontario,28.9
,18-06-2023,Toronto,Ontario,21.9
,18-06-2023,Vancouver,British Columbia,34.5
,18-06-2023,Montreal,Quebec,27.8
,18-06-2023,Calgary,Alberta,31.4
,18-06-2023,Edmonton,Alberta,17.7
,18-06-2023,Ottawa,Ontario,32.2
,18-06-2023,Winnipeg,Manitoba,33.5
,18-06-2023,Hamilton,Ontario,24.7
,18-06-2023,Kitchener,Ontario,27.1
,18-06-2023,Waterloo,Ontario,30.3
,19-06-2023,Toronto,Ontario,18.5
,19-06-2023,Vancouver,British Columbia,25.1
,19-06-2023,Montreal,Quebec,23
,19-06-2023,Calgary,Alberta,17.9
,19-06-2023,Edmonton,Alberta,22.4
,19-06-2023,Ottawa,Ontario,16.4
,19-06-2023,Winnipeg,Manitoba,15.5
,19-06-2023,Hamilton,Ontario,17.7
,19-06-2023,Kitchener,Ontario,34.3
,19-06-2023,Waterloo,Ontario,26
,20-06-2023,Toronto,Ontario,34.3
,20-06-2023,Vancouver,British Columbia,23.6
,20-06-2023,Montreal,Quebec,21.2
,20-06-2023,Calgary,Alberta,25.1
,20-06-2023,Edmonton,Alberta,23.8
,20-06-2023,Ottawa,Ontario,17.1
,20-06-2023,Winnipeg,Manitoba,27.8
,20-06-2023,Hamilton,Ontario,19.3
,20-06-2023,Kitchener,Ontario,27.4
,20-06-2023,Waterloo,Ontario,28
,21-06-2023,Toronto,Ontario,18
,21-06-2023,Vancouver,British Columbia,16.2
,21-06-2023,Montreal,Quebec,30.6
,21-06-2023,Calgary,Alberta,24.2
,21-06-2023,Edmonton,Alberta,16.2
,21-06-2023,Ottawa,Ontario,34.9
,21-06-2023,Winnipeg,Manitoba,16.2
,21-06-2023,Hamilton,Ontario,28.9
,21-06-2023,Kitchener,Ontario,34.7
,21-06-2023,Waterloo,Ontario,19.8
,22-06-2023,Toronto,Ontario,17.8
,22-06-2023,Vancouver,British Columbia,17.4
,22-06-2023,Montreal,Quebec,21.1
,22-06-2023,Calgary,Alberta,17
,22-06-2023,Edmonton,Alberta,28.8
,22-06-2023,Ottawa,Ontario,16.2
,22-06-2023,Winnipeg,Manitoba,25.2
,22-06-2023,Hamilton,Ontario,34.9
,22-06-2023,Kitchener,Ontario,31.3
,22-06-2023,Waterloo,Ontario,27.3
,23-06-2023,Toronto,Ontario,21.1
,23-06-2023,Vancouver,British Columbia,27.5
,23-06-2023,Montreal,Quebec,25.5
,23-06-2023,Calgary,Alberta,23.5
,23-06-2023,Edmonton,Alberta,17.6
,23-06-2023,Ottawa,Ontario,32.7
,23-06-2023,Winnipeg,Manitoba,24
,23-06-2023,Hamilton,Ontario,18.9
,23-06-2023,Kitchener,Ontario,22.4
,23-06-2023,Waterloo,Ontario,23.3
,24-06-2023,Toronto,Ontario,31.6
,24-06-2023,Vancouver,British Columbia,29.7
,24-06-2023,Montreal,Quebec,30.4
,24-06-2023,Calgary,Alberta,15.2
,24-06-2023,Edmonton,Alberta,23.3
,24-06-2023,Ottawa,Ontario,24.6
,24-06-2023,Winnipeg,Manitoba,15.4
,24-06-2023,Hamilton,Ontario,20.2
,24-06-2023,Kitchener,Ontario,30.2
,24-06-2023,Waterloo,Ontario,17.7
,25-06-2023,Toronto,Ontario,25.7
,25-06-2023,Vancouver,British Columbia,19.3
,25-06-2023,Montreal,Quebec,15.2
,25-06-2023,Calgary,Alberta,19.8
,25-06-2023,Edmonton,Alberta,34.5
,25-06-2023,Ottawa,Ontario,31
,25-06-2023,Winnipeg,Manitoba,34.2
,25-06-2023,Hamilton,Ontario,24.8
,25-06-2023,Kitchener,Ontario,17.2
,25-06-2023,Waterloo,Ontario,26
,26-06-2023,Toronto,Ontario,24.1
,26-06-2023,Vancouver,British Columbia,31.9
,26-06-2023,Montreal,Quebec,17
,26-06-2023,Calgary,Alberta,24.8
,26-06-2023,Edmonton,Alberta,18
,26-06-2023,Ottawa,Ontario,21.5
,26-06-2023,Winnipeg,Manitoba,29.7
,26-06-2023,Hamilton,Ontario,24.5
,26-06-2023,Kitchener,Ontario,22.5
,26-06-2023,Waterloo,Ontario,22.9
,27-06-2023,Toronto,Ontario,24.2
,27-06-2023,Vancouver,British Columbia,30.7
,27-06-2023,Montreal,Quebec,32.8
,27-06-2023,Calgary,Alberta,34.1
,27-06-2023,Edmonton,Alberta,30.7
,27-06-2023,Ottawa,Ontario,21.3
,27-06-2023,Winnipeg,Manitoba,28.8
,27-06-2023,Hamilton,Ontario,23.8
,27-06-2023,Kitchener,Ontario,20.1
,27-06-2023,Waterloo,Ontario,31.8
,28-06-2023,Toronto,Ontario,15.8
,28-06-2023,Vancouver,British Columbia,33
,28-06-2023,Montreal,Quebec,24.2
,28-06-2023,Calgary,Alberta,27.7
,28-06-2023,Edmonton,Alberta,28.2
,28-06-2023,Ottawa,Ontario,32.9
,28-06-2023,Winnipeg,Manitoba,27.7
,28-06-2023,Hamilton,Ontario,27.3
,28-06-2023,Kitchener,Ontario,16.3
,28-06-2023,Waterloo,Ontario,25.4
,29-06-2023,Toronto,Ontario,18
,29-06-2023,Vancouver,British Columbia,29.7
,29-06-2023,Montreal,Quebec,25.2
,29-06-2023,Calgary,Alberta,28.6
,29-06-2023,Edmonton,Alberta,15.8
,29-06-2023,Ottawa,Ontario,16.7
,29-06-2023,Winnipeg,Manitoba,29.3
,29-06-2023,Hamilton,Ontario,16.4
,29-06-2023,Kitchener,Ontario,16.4
,29-06-2023,Waterloo,Ontario,15.2
,30-06-2023,Toronto,Ontario,34.1
,30-06-2023,Vancouver,British Columbia,29.8
,30-06-2023,Montreal,Quebec,22.1
,30-06-2023,Calgary,Alberta,20.9
,30-06-2023,Edmonton,Alberta,22
,30-06-2023,Ottawa,Ontario,30.5
,30-06-2023,Winnipeg,Manitoba,28.2
,30-06-2023,Hamilton,Ontario,18.7
,30-06-2023,Kitchener,Ontario,18.5
,30-06-2023,Waterloo,Ontario,17
,01-07-2023,Toronto,Ontario,28.2
,01-07-2023,Vancouver,British Columbia,30.3
,01-07-2023,Montreal,Quebec,20.3
,01-07-2023,Calgary,Alberta,15.4
,01-07-2023,Edmonton,Alberta,16.6
,01-07-2023,Ottawa,Ontario,34.4
,01-07-2023,Winnipeg,Manitoba,20.9
,01-07-2023,Hamilton,Ontario,30.4
,01-07-2023,Kitchener,Ontario,27.5
,01-07-2023,Waterloo,Ontario,22.6
,02-07-2023,Toronto,Ontario,19.1
,02-07-2023,Vancouver,British Columbia,17.4
,02-07-2023,Montreal,Quebec,27.3
,02-07-2023,Calgary,Alberta,30.5
,02-07-2023,Edmonton,Alberta,27.9
,02-07-2023,Ottawa,Ontario,25.6
,02-07-2023,Winnipeg,Manitoba,15.8
,02-07-2023,Hamilton,Ontario,34.4
,02-07-2023,Kitchener,Ontario,31
,02-07-2023,Waterloo,Ontario,20.9
,03-07-2023,Toronto,Ontario,34.6
,03-07-2023,Vancouver,British Columbia,27
,03-07-2023,Montreal,Quebec,26.6
,03-07-2023,Calgary,Alberta,30
,03-07-2023,Edmonton,Alberta,31.2
,03-07-2023,Ottawa,Ontario,28.1
,03-07-2023,Winnipeg,Manitoba,17.6
,03-07-2023,Hamilton,Ontario,21.8
,03-07-2023,Kitchener,Ontario,33.6
,03-07-2023,Waterloo,Ontario,19.5
,04-07-2023,Toronto,Ontario,22.4
,04-07-2023,Vancouver,British Columbia,23.6
,04-07-2023,Montreal,Quebec,23.8
,04-07-2023,Calgary,Alberta,27.3
,04-07-2023,Edmonton,Alberta,33.9
,04-07-2023,Ottawa,Ontario,19.8
,04-07-2023,Winnipeg,Manitoba,17.4
,04-07-2023,Hamilton,Ontario,18.9
,04-07-2023,Kitchener,Ontario,32.7
,04-07-2023,Waterloo,Ontario,27.9
,05-07-2023,Toronto,Ontario,20.7
,05-07-2023,Vancouver,British Columbia,31.3
,05-07-2023,Montreal,Quebec,32.2
,05-07-2023,Calgary,Alberta,31.9
,05-07-2023,Edmonton,Alberta,33.4
,05-07-2023,Ottawa,Ontario,20
,05-07-2023,Winnipeg,Manitoba,30.1
,05-07-2023,Hamilton,Ontario,24.2
,05-07-2023,Kitchener,Ontario,31.8
,05-07-2023,Waterloo,Ontario,29.6
,06-07-2023,Toronto,Ontario,30.5
,06-07-2023,Vancouver,British Columbia,28.1
,06-07-2023,Montreal,Quebec,18.5
,06-07-2023,Calgary,Alberta,25.9
,06-07-2023,Edmonton,Alberta,34.7
,06-07-2023,Ottawa,Ontario,33.7
,06-07-2023,Winnipeg,Manitoba,15.9
,06-07-2023,Hamilton,Ontario,18.3
,06-07-2023,Kitchener,Ontario,17.6
,06-07-2023,Waterloo,Ontario,29.5
,07-07-2023,Toronto,Ontario,31.4
,07-07-2023,Vancouver,British Columbia,19.3
,07-07-2023,Montreal,Quebec,25.1
,07-07-2023,Calgary,Alberta,31.8
,07-07-2023,Edmonton,Alberta,29.7
,07-07-2023,Ottawa,Ontario,25.8
,07-07-2023,Winnipeg,Manitoba,26.8
,07-07-2023,Hamilton,Ontario,25.2
,07-07-2023,Kitchener,Ontario,21
,07-07-2023,Waterloo,Ontario,26.3
,08-07-2023,Toronto,Ontario,28.8
,08-07-2023,Vancouver,British Columbia,32.5
,08-07-2023,Montreal,Quebec,27.7
,08-07-2023,Calgary,Alberta,30.2
,08-07-2023,Edmonton,Alberta,18.2
,08-07-2023,Ottawa,Ontario,24.2
,08-07-2023,Winnipeg,Manitoba,15.2
,08-07-2023,Hamilton,Ontario,19.9
,08-07-2023,Kitchener,Ontario,29.5
,08-07-2023,Waterloo,Ontario,34.8
,09-07-2023,Toronto,Ontario,17
,09-07-2023,Vancouver,British Columbia,23
,09-07-2023,Montreal,Quebec,31
,09-07-2023,Calgary,Alberta,19.1
,09-07-2023,Edmonton,Alberta,26.1
,09-07-2023,Ottawa,Ontario,29.7
,09-07-2023,Winnipeg,Manitoba,27.3
,09-07-2023,Hamilton,Ontario,18.8
,09-07-2023,Kitchener,Ontario,22.1
,09-07-2023,Waterloo,Ontario,30.7
,10-07-2023,Toronto,Ontario,26.1
,10-07-2023,Vancouver,British Columbia,15.1
,10-07-2023,Montreal,Quebec,30.2
,10-07-2023,Calgary,Alberta,15.7
,10-07-2023,Edmonton,Alberta,29.9
,10-07-2023,Ottawa,Ontario,19
,10-07-2023,Winnipeg,Manitoba,34.2
,10-07-2023,Hamilton,Ontario,22.4
,10-07-2023,Kitchener,Ontario,21.5
,10-07-2023,Waterloo,Ontario,18
,11-07-2023,Toronto,Ontario,21.1
,11-07-2023,Vancouver,British Columbia,32.5
,11-07-2023,Montreal,Quebec,34.9
,11-07-2023,Calgary,Alberta,22.4
,11-07-2023,Edmonton,Alberta,24
,11-07-2023,Ottawa,Ontario,29.4
,11-07-2023,Winnipeg,Manitoba,32.7
,11-07-2023,Hamilton,Ontario,26.9
,11-07-2023,Kitchener,Ontario,22.8
,11-07-2023,Waterloo,Ontario,23.3
,12-07-2023,Toronto,Ontario,28.9
,12-07-2023,Vancouver,British Columbia,15.1
,12-07-2023,Montreal,Quebec,27.4
,12-07-2023,Calgary,Alberta,22.1
,12-07-2023,Edmonton,Alberta,30.9
,12-07-2023,Ottawa,Ontario,16.9
,12-07-2023,Winnipeg,Manitoba,26.8
,12-07-2023,Hamilton,Ontario,24.6
,12-07-2023,Kitchener,Ontario,27.8
,12-07-2023,Waterloo,Ontario,16.3
,13-07-2023,Toronto,Ontario,26.6
,13-07-2023,Vancouver,British Columbia,26.2
,13-07-2023,Montreal,Quebec,26.2
,13-07-2023,Calgary,Alberta,27.1
,13-07-2023,Edmonton,Alberta,28.5
,13-07-2023,Ottawa,Ontario,31.1
,13-07-2023,Winnipeg,Manitoba,20.4
,13-07-2023,Hamilton,Ontario,31.5
,13-07-2023,Kitchener,Ontario,25
,13-07-2023,Waterloo,Ontario,16.5
,14-07-2023,Toronto,Ontario,16.2
,14-07-2023,Vancouver,British Columbia,21.7
,14-07-2023,Montreal,Quebec,30.7
,14-07-2023,Calgary,Alberta,29.2
,14-07-2023,Edmonton,Alberta,30.8
,14-07-2023,Ottawa,Ontario,25.3
,14-07-2023,Winnipeg,Manitoba,23.8
,14-07-2023,Hamilton,Ontario,17.9
,14-07-2023,Kitchener,Ontario,21.6
,14-07-2023,Waterloo,Ontario,23.7
,15-07-2023,Toronto,Ontario,16.8
,15-07-2023,Vancouver,British Columbia,19.4
,15-07-2023,Montreal,Quebec,27
,15-07-2023,Calgary,Alberta,29.7
,15-07-2023,Edmonton,Alberta,35
,15-07-2023,Ottawa,Ontario,33.7
,15-07-2023,Winnipeg,Manitoba,27.9
,15-07-2023,Hamilton,Ontario,23.4
,15-07-2023,Kitchener,Ontario,27.7
,15-07-2023,Waterloo,Ontario,30.7
,16-07-2023,Toronto,Ontario,17.4
,16-07-2023,Vancouver,British Columbia,23.2
,16-07-2023,Montreal,Quebec,31.8
,16-07-2023,Calgary,Alberta,22.7
,16-07-2023,Edmonton,Alberta,26.4
,16-07-2023,Ottawa,Ontario,26.8
,16-07-2023,Winnipeg,Manitoba,18.7
,16-07-2023,Hamilton,Ontario,22.2
,16-07-2023,Kitchener,Ontario,21.7
,16-07-2023,Waterloo,Ontario,15.5
,17-07-2023,Toronto,Ontario,15.5
,17-07-2023,Vancouver,British Columbia,31.6
,17-07-2023,Montreal,Quebec,20.5
,17-07-2023,Calgary,Alberta,25.4
,17-07-2023,Edmonton,Alberta,21
,17-07-2023,Ottawa,Ontario,33.8
,17-07-2023,Winnipeg,Manitoba,20.2
,17-07-2023,Hamilton,Ontario,23.6
,17-07-2023,Kitchener,Ontario,32.5
,17-07-2023,Waterloo,Ontario,31.8
,18-07-2023,Toronto,Ontario,18.7
,18-07-2023,Vancouver,British Columbia,31.1
,18-07-2023,Montreal,Quebec,24.2
,18-07-2023,Calgary,Alberta,24.7
,18-07-2023,Edmonton,Alberta,17.7
,18-07-2023,Ottawa,Ontario,16.6
,18-07-2023,Winnipeg,Manitoba,29.6
,18-07-2023,Hamilton,Ontario,24.9
,18-07-2023,Kitchener,Ontario,23.7
,18-07-2023,Waterloo,Ontario,29.6
,19-07-2023,Toronto,Ontario,30.3
,19-07-2023,Vancouver,British Columbia,18.2
,19-07-2023,Montreal,Quebec,27.2
,19-07-2023,Calgary,Alberta,17.7
,19-07-2023,Edmonton,Alberta,30
,19-07-2023,Ottawa,Ontario,28.1
,19-07-2023,Winnipeg,Manitoba,34.1
,19-07-2023,Hamilton,Ontario,16.4
,19-07-2023,Kitchener,Ontario,16.1
,19-07-2023,Waterloo,Ontario,20.6
,20-07-2023,Toronto,Ontario,20.2
,20-07-2023,Vancouver,British Columbia,19.9
,20-07-2023,Montreal,Quebec,33.1
,20-07-2023,Calgary,Alberta,20
,20-07-2023,Edmonton,Alberta,20.4
,20-07-2023,Ottawa,Ontario,30.2
,20-07-2023,Winnipeg,Manitoba,24
,20-07-2023,Hamilton,Ontario,30.5
,20-07-2023,Kitchener,Ontario,16.3
,20-07-2023,Waterloo,Ontario,24.8
,21-07-2023,Toronto,Ontario,15.7
,21-07-2023,Vancouver,British Columbia,16.3
,21-07-2023,Montreal,Quebec,33.1
,21-07-2023,Calgary,Alberta,17.8
,21-07-2023,Edmonton,Alberta,25.6
,21-07-2023,Ottawa,Ontario,23.2
,21-07-2023,Winnipeg,Manitoba,21.9
,21-07-2023,Hamilton,Ontario,33
,21-07-2023,Kitchener,Ontario,15.4
,21-07-2023,Waterloo,Ontario,28.3
,22-07-2023,Toronto,Ontario,34.3
,22-07-2023,Vancouver,British Columbia,26.2
,22-07-2023,Montreal,Quebec,33.7
,22-07-2023,Calgary,Alberta,16
,22-07-2023,Edmonton,Alberta,23.4
,22-07-2023,Ottawa,Ontario,20.2
,22-07-2023,Winnipeg,Manitoba,29.6
,22-07-2023,Hamilton,Ontario,34.6
,22-07-2023,Kitchener,Ontario,20.1
,22-07-2023,Waterloo,Ontario,28.1
,23-07-2023,Toronto,Ontario,19
,23-07-2023,Vancouver,British Columbia,26.3
,23-07-2023,Montreal,Quebec,24.3
,23-07-2023,Calgary,Alberta,34.4
,23-07-2023,Edmonton,Alberta,27.2
,23-07-2023,Ottawa,Ontario,22
,23-07-2023,Winnipeg,Manitoba,17.3
,23-07-2023,Hamilton,Ontario,18
,23-07-2023,Kitchener,Ontario,19.5
,23-07-2023,Waterloo,Ontario,20
,24-07-2023,Toronto,Ontario,32
,24-07-2023,Vancouver,British Columbia,26.2
,24-07-2023,Montreal,Quebec,25.5
,24-07-2023,Calgary,Alberta,17.3
,24-07-2023,Edmonton,Alberta,32.2
,24-07-2023,Ottawa,Ontario,29.5
,24-07-2023,Winnipeg,Manitoba,16.4
,24-07-2023,Hamilton,Ontario,29.2
,24-07-2023,Kitchener,Ontario,25.9
,24-07-2023,Waterloo,Ontario,16.6
,25-07-2023,Toronto,Ontario,24.2
,25-07-2023,Vancouver,British Columbia,24.7
,25-07-2023,Montreal,Quebec,18.3
,25-07-2023,Calgary,Alberta,33.9
,25-07-2023,Edmonton,Alberta,32
,25-07-2023,Ottawa,Ontario,28.4
,25-07-2023,Winnipeg,Manitoba,24.2
,25-07-2023,Hamilton,Ontario,23.2
,25-07-2023,Kitchener,Ontario,28
,25-07-2023,Waterloo,Ontario,25.9
,26-07-2023,Toronto,Ontario,16.2
,26-07-2023,Vancouver,British Columbia,25.3
,26-07-2023,Montreal,Quebec,31.1
,26-07-2023,Calgary,Alberta,24.2
,26-07-2023,Edmonton,Alberta,16
,26-07-2023,Ottawa,Ontario,30.7
,26-07-2023,Winnipeg,Manitoba,19
,26-07-2023,Hamilton,Ontario,20.2
,26-07-2023,Kitchener,Ontario,18.3
,26-07-2023,Waterloo,Ontario,21.6
,27-07-2023,Toronto,Ontario,30.1
,27-07-2023,Vancouver,British Columbia,25.4
,27-07-2023,Montreal,Quebec,19.1
,27-07-2023,Calgary,Alberta,32.6
,27-07-2023,Edmonton,Alberta,32.6
,27-07-2023,Ottawa,Ontario,32.4
,27-07-2023,Winnipeg,Manitoba,19.8
,27-07-2023,Hamilton,Ontario,24
,27-07-2023,Kitchener,Ontario,34.7
,27-07-2023,Waterloo,Ontario,30.4
,28-07-2023,Toronto,Ontario,15.5
,28-07-2023,Vancouver,British Columbia,16.3
,28-07-2023,Montreal,Quebec,24.3
,28-07-2023,Calgary,Alberta,33.2
,28-07-2023,Edmonton,Alberta,25.8
,28-07-2023,Ottawa,Ontario,25
,28-07-2023,Winnipeg,Manitoba,17.1
,28-07-2023,Hamilton,Ontario,28.1
,28-07-2023,Kitchener,Ontario,31.4
,28-07-2023,Waterloo,Ontario,22.6
,29-07-2023,Toronto,Ontario,30.5
,29-07-2023,Vancouver,British Columbia,34.3
,29-07-2023,Montreal,Quebec,19.1
,29-07-2023,Calgary,Alberta,25.5
,29-07-2023,Edmonton,Alberta,20.7
,29-07-2023,Ottawa,Ontario,30.9
,29-07-2023,Winnipeg,Manitoba,26.6
,29-07-2023,Hamilton,Ontario,27.7
,29-07-2023,Kitchener,Ontario,31
,29-07-2023,Waterloo,Ontario,22.9
,30-07-2023,Toronto,Ontario,33.3
,30-07-2023,Vancouver,British Columbia,25.7
,30-07-2023,Montreal,Quebec,18.2
,30-07-2023,Calgary,Alberta,28.9
,30-07-2023,Edmonton,Alberta,30.9
,30-07-2023,Ottawa,Ontario,21.3
,30-07-2023,Winnipeg,Manitoba,32.1
,30-07-2023,Hamilton,Ontario,33.1
,30-07-2023,Kitchener,Ontario,20.5
,30-07-2023,Waterloo,Ontario,34.7
,31-07-2023,Toronto,Ontario,17.8
,31-07-2023,Vancouver,British Columbia,19
,31-07-2023,Montreal,Quebec,18.7
,31-07-2023,Calgary,Alberta,32.9
,31-07-2023,Edmonton,Alberta,28.1
,31-07-2023,Ottawa,Ontario,18
,31-07-2023,Winnipeg,Manitoba,23.8
,31-07-2023,Hamilton,Ontario,27.3
,31-07-2023,Kitchener,Ontario,16.7
,31-07-2023,Waterloo,Ontario,32.6
,01-08-2023,Toronto,Ontario,31.1
,01-08-2023,Vancouver,British Columbia,25.1
,01-08-2023,Montreal,Quebec,34.3
,01-08-2023,Calgary,Alberta,23.4
,01-08-2023,Edmonton,Alberta,34.7
,01-08-2023,Ottawa,Ontario,28.4
,01-08-2023,Winnipeg,Manitoba,27.7
,01-08-2023,Hamilton,Ontario,18.3
,01-08-2023,Kitchener,Ontario,32.6
,01-08-2023,Waterloo,Ontario,23.5
,02-08-2023,Toronto,Ontario,18.2
,02-08-2023,Vancouver,British Columbia,15.3
,02-08-2023,Montreal,Quebec,26.2
,02-08-2023,Calgary,Alberta,25.5
,02-08-2023,Edmonton,Alberta,29.4
,02-08-2023,Ottawa,Ontario,32.8
,02-08-2023,Winnipeg,Manitoba,16.6
,02-08-2023,Hamilton,Ontario,29.6
,02-08-2023,Kitchener,Ontario,18.7
,02-08-2023,Waterloo,Ontario,32.2
,03-08-2023,Toronto,Ontario,31.4
,03-08-2023,Vancouver,British Columbia,25.8
,03-08-2023,Montreal,Quebec,29.2
,03-08-2023,Calgary,Alberta,21.3
,03-08-2023,Edmonton,Alberta,24.4
,03-08-2023,Ottawa,Ontario,31.4
,03-08-2023,Winnipeg,Manitoba,24.2
,03-08-2023,Hamilton,Ontario,22.2
,03-08-2023,Kitchener,Ontario,24.9
,03-08-2023,Waterloo,Ontario,31.6
,04-08-2023,Toronto,Ontario,21.7
,04-08-2023,Vancouver,British Columbia,18.5
,04-08-2023,Montreal,Quebec,29.2
,04-08-2023,Calgary,Alberta,31.5
,04-08-2023,Edmonton,Alberta,17
,04-08-2023,Ottawa,Ontario,19.8
,04-08-2023,Winnipeg,Manitoba,17.8
,04-08-2023,Hamilton,Ontario,22
,04-08-2023,Kitchener,Ontario,24
,04-08-2023,Waterloo,Ontario,30
,05-08-2023,Toronto,Ontario,28
,05-08-2023,Vancouver,British Columbia,27.4
,05-08-2023,Montreal,Quebec,22
,05-08-2023,Calgary,Alberta,31.8
,05-08-2023,Edmonton,Alberta,24.4
,05-08-2023,Ottawa,Ontario,34.6
,05-08-2023,Winnipeg,Manitoba,27.7
,05-08-2023,Hamilton,Ontario,17.5
,05-08-2023,Kitchener,Ontario,28.5
,05-08-2023,Waterloo,Ontario,21.5
,06-08-2023,Toronto,Ontario,28.7
,06-08-2023,Vancouver,British Columbia,16.4
,06-08-2023,Montreal,Quebec,18.5
,06-08-2023,Calgary,Alberta,32.1
,06-08-2023,Edmonton,Alberta,19.5
,06-08-2023,Ottawa,Ontario,31.7
,06-08-2023,Winnipeg,Manitoba,20.6
,06-08-2023,Hamilton,Ontario,27.9
,06-08-2023,Kitchener,Ontario,28.9
,06-08-2023,Waterloo,Ontario,25.3
,07-08-2023,Toronto,Ontario,21.1
,07-08-2023,Vancouver,British Columbia,19.3
,07-08-2023,Montreal,Quebec,15.7
,07-08-2023,Calgary,Alberta,21.1
,07-08-2023,Edmonton,Alberta,28.1
,07-08-2023,Ottawa,Ontario,33.8
,07-08-2023,Winnipeg,Manitoba,32.4
,07-08-2023,Hamilton,Ontario,30.3
,07-08-2023,Kitchener,Ontario,30.8
,07-08-2023,Waterloo,Ontario,28.3
,08-08-2023,Toronto,Ontario,20.2
,08-08-2023,Vancouver,British Columbia,33.1
,08-08-2023,Montreal,Quebec,28.4
,08-08-2023,Calgary,Alberta,26.2
,08-08-2023,Edmonton,Alberta,17.2
,08-08-2023,Ottawa,Ontario,23.9
,08-08-2023,Winnipeg,Manitoba,24.2
,08-08-2023,Hamilton,Ontario,32.3
,08-08-2023,Kitchener,Ontario,25.9
,08-08-2023,Waterloo,Ontario,22.6
,09-08-2023,Toronto,Ontario,34.5
,09-08-2023,Vancouver,British Columbia,17.2
,09-08-2023,Montreal,Quebec,23.5
,09-08-2023,Calgary,Alberta,15.8
,09-08-2023,Edmonton,Alberta,29.8
,09-08-2023,Ottawa,Ontario,33.4
,09-08-2023,Winnipeg,Manitoba,20.6
,09-08-2023,Hamilton,Ontario,32.2
,09-08-2023,Kitchener,Ontario,20.8
,09-08-2023,Waterloo,Ontario,33.2
,10-08-2023,Toronto,Ontario,30.1
,10-08-2023,Vancouver,British Columbia,31.1
,10-08-2023,Montreal,Quebec,15.4
,10-08-2023,Calgary,Alberta,34.3
,10-08-2023,Edmonton,Alberta,29.5
,10-08-2023,Ottawa,Ontario,21.1
,10-08-2023,Winnipeg,Manitoba,31.6
,10-08-2023,Hamilton,Ontario,20.6
,10-08-2023,Kitchener,Ontario,32.5
,10-08-2023,Waterloo,Ontario,17.3
,11-08-2023,Toronto,Ontario,29.1
,11-08-2023,Vancouver,British Columbia,25.8
,11-08-2023,Montreal,Quebec,16.9
,11-08-2023,Calgary,Alberta,19.8
,11-08-2023,Edmonton,Alberta,15.2
,11-08-2023,Ottawa,Ontario,24.4
,11-08-2023,Winnipeg,Manitoba,21
,11-08-2023,Hamilton,Ontario,27
,11-08-2023,Kitchener,Ontario,20.9
,11-08-2023,Waterloo,Ontario,21
,12-08-2023,Toronto,Ontario,29.9
,12-08-2023,Vancouver,British Columbia,16
,12-08-2023,Montreal,Quebec,33.1
,12-08-2023,Calgary,Alberta,32
,12-08-2023,Edmonton,Alberta,28.4
,12-08-2023,Ottawa,Ontario,26.9
,12-08-2023,Winnipeg,Manitoba,32.8
,12-08-2023,Hamilton,Ontario,18.7
,12-08-2023,Kitchener,Ontario,16.6
,12-08-2023,Waterloo,Ontario,19.8
,13-08-2023,Toronto,Ontario,30.9
,13-08-2023,Vancouver,British Columbia,15.7
,13-08-2023,Montreal,Quebec,26.7
,13-08-2023,Calgary,Alberta,34.9
,13-08-2023,Edmonton,Alberta,32.1
,13-08-2023,Ottawa,Ontario,25.4
,13-08-2023,Winnipeg,Manitoba,16.3
,13-08-2023,Hamilton,Ontario,31.6
,13-08-2023,Kitchener,Ontario,27
,13-08-2023,Waterloo,Ontario,17.3
,14-08-2023,Toronto,Ontario,16.9
,14-08-2023,Vancouver,British Columbia,33.2
,14-08-2023,Montreal,Quebec,28.4
,14-08-2023,Calgary,Alberta,31.6
,14-08-2023,Edmonton,Alberta,32.6
,14-08-2023,Ottawa,Ontario,26.4
,14-08-2023,Winnipeg,Manitoba,25.3
,14-08-2023,Hamilton,Ontario,23.6
,14-08-2023,Kitchener,Ontario,21.3
,14-08-2023,Waterloo,Ontario,23.7
,15-08-2023,Toronto,Ontario,30.5
,15-08-2023,Vancouver,British Columbia,27
,15-08-2023,Montreal,Quebec,32.9
,15-08-2023,Calgary,Alberta,23.9
,15-08-2023,Edmonton,Alberta,27.1
,15-08-2023,Ottawa,Ontario,27.6
,15-08-2023,Winnipeg,Manitoba,26.8
,15-08-2023,Hamilton,Ontario,29.1
,15-08-2023,Kitchener,Ontario,19.7
,15-08-2023,Waterloo,Ontario,25.2
,16-08-2023,Toronto,Ontario,17.1
,16-08-2023,Vancouver,British Columbia,22.7
,16-08-2023,Montreal,Quebec,24.8
,16-08-2023,Calgary,Alberta,28
,16-08-2023,Edmonton,Alberta,34
,16-08-2023,Ottawa,Ontario,27
,16-08-2023,Winnipeg,Manitoba,29.9
,16-08-2023,Hamilton,Ontario,25.1
,16-08-2023,Kitchener,Ontario,27.7
,16-08-2023,Waterloo,Ontario,16.4
,17-08-2023,Toronto,Ontario,20.1
,17-08-2023,Vancouver,British Columbia,22.2
,17-08-2023,Montreal,Quebec,24.4
,17-08-2023,Calgary,Alberta,15.9
,17-08-2023,Edmonton,Alberta,17.8
,17-08-2023,Ottawa,Ontario,20.5
,17-08-2023,Winnipeg,Manitoba,34.4
,17-08-2023,Hamilton,Ontario,21.6
,17-08-2023,Kitchener,Ontario,24.6
,17-08-2023,Waterloo,Ontario,18.9
,18-08-2023,Toronto,Ontario,27.2
,18-08-2023,Vancouver,British Columbia,20.6
,18-08-2023,Montreal,Quebec,19.1
,18-08-2023,Calgary,Alberta,25.3
,18-08-2023,Edmonton,Alberta,15.1
,18-08-2023,Ottawa,Ontario,15.2
,18-08-2023,Winnipeg,Manitoba,19.4
,18-08-2023,Hamilton,Ontario,15.7
,18-08-2023,Kitchener,Ontario,17.2
,18-08-2023,Waterloo,Ontario,21.8
,19-08-2023,Toronto,Ontario,31.1
,19-08-2023,Vancouver,British Columbia,26.4
,19-08-2023,Montreal,Quebec,25.3
,19-08-2023,Calgary,Alberta,20.9
,19-08-2023,Edmonton,Alberta,33.6
,19-08-2023,Ottawa,Ontario,22.9
,19-08-2023,Winnipeg,Manitoba,16.7
,19-08-2023,Hamilton,Ontario,27.3
,19-08-2023,Kitchener,Ontario,17.3
,19-08-2023,Waterloo,Ontario,21.9
,20-08-2023,Toronto,Ontario,25.1
,20-08-2023,Vancouver,British Columbia,32.5
,20-08-2023,Montreal,Quebec,24.9
,20-08-2023,Calgary,Alberta,29
,20-08-2023,Edmonton,Alberta,34.9
,20-08-2023,Ottawa,Ontario,17.6
,20-08-2023,Winnipeg,Manitoba,20.5
,20-08-2023,Hamilton,Ontario,22.9
,20-08-2023,Kitchener,Ontario,23.4
,20-08-2023,Waterloo,Ontario,23.2
,21-08-2023,Toronto,Ontario,33.2
,21-08-2023,Vancouver,British Columbia,29.3
,21-08-2023,Montreal,Quebec,27.2
,21-08-2023,Calgary,Alberta,21.2
,21-08-2023,Edmonton,Alberta,31.5
,21-08-2023,Ottawa,Ontario,34.1
,21-08-2023,Winnipeg,Manitoba,31.4
,21-08-2023,Hamilton,Ontario,15
,21-08-2023,Kitchener,Ontario,27.7
,21-08-2023,Waterloo,Ontario,16
,22-08-2023,Toronto,Ontario,20.2
,22-08-2023,Vancouver,British Columbia,16.2
,22-08-2023,Montreal,Quebec,27.1
,22-08-2023,Calgary,Alberta,28.7
,22-08-2023,Edmonton,Alberta,17.3
,22-08-2023,Ottawa,Ontario,22.7
,22-08-2023,Winnipeg,Manitoba,24.1
,22-08-2023,Hamilton,Ontario,22.4
,22-08-2023,Kitchener,Ontario,17.4
,22-08-2023,Waterloo,Ontario,23.4
,23-08-2023,Toronto,Ontario,30
,23-08-2023,Vancouver,British Columbia,16.4
,23-08-2023,Montreal,Quebec,16.6
,23-08-2023,Calgary,Alberta,22.1
,23-08-2023,Edmonton,Alberta,33.8
,23-08-2023,Ottawa,Ontario,28.4
,23-08-2023,Winnipeg,Manitoba,28.6
,23-08-2023,Hamilton,Ontario,22.2
,23-08-2023,Kitchener,Ontario,26.9
,23-08-2023,Waterloo,Ontario,15.2
,24-08-2023,Toronto,Ontario,27.7
,24-08-2023,Vancouver,British Columbia,33.3
,24-08-2023,Montreal,Quebec,27.3
,24-08-2023,Calgary,Alberta,32.5
,24-08-2023,Edmonton,Alberta,29.5
,24-08-2023,Ottawa,Ontario,17.4
,24-08-2023,Winnipeg,Manitoba,33
,24-08-2023,Hamilton,Ontario,16.3
,24-08-2023,Kitchener,Ontario,25.7
,24-08-2023,Waterloo,Ontario,17.8
,25-08-2023,Toronto,Ontario,15.2
,25-08-2023,Vancouver,British Columbia,23.4
,25-08-2023,Montreal,Quebec,20.9
,25-08-2023,Calgary,Alberta,24.7
,25-08-2023,Edmonton,Alberta,26.5
,25-08-2023,Ottawa,Ontario,15.9
,25-08-2023,Winnipeg,Manitoba,17.5
,25-08-2023,Hamilton,Ontario,26.2
,25-08-2023,Kitchener,Ontario,21.9
,25-08-2023,Waterloo,Ontario,29.6
,26-08-2023,Toronto,Ontario,28
,26-08-2023,Vancouver,British Columbia,31.9
,26-08-2023,Montreal,Quebec,28.8
,26-08-2023,Calgary,Alberta,23.6
,26-08-2023,Edmonton,Alberta,28.5
,26-08-2023,Ottawa,Ontario,20.5
,26-08-2023,Winnipeg,Manitoba,21.1
,26-08-2023,Hamilton,Ontario,30.8
,26-08-2023,Kitchener,Ontario,23.9
,26-08-2023,Waterloo,Ontario,31
,27-08-2023,Toronto,Ontario,31.4
,27-08-2023,Vancouver,British Columbia,32.2
,27-08-2023,Montreal,Quebec,33.3
,27-08-2023,Calgary,Alberta,23.6
,27-08-2023,Edmonton,Alberta,21.4
,27-08-2023,Ottawa,Ontario,26.6
,27-08-2023,Winnipeg,Manitoba,22.4
,27-08-2023,Hamilton,Ontario,27
,27-08-2023,Kitchener,Ontario,29.1
,27-08-2023,Waterloo,Ontario,28.8
,28-08-2023,Toronto,Ontario,22.5
,28-08-2023,Vancouver,British Columbia,18.3
,28-08-2023,Montreal,Quebec,23.6
,28-08-2023,Calgary,Alberta,17.9
,28-08-2023,Edmonton,Alberta,32.8
,28-08-2023,Ottawa,Ontario,21.9
,28-08-2023,Winnipeg,Manitoba,18.1
,28-08-2023,Hamilton,Ontario,15.5
,28-08-2023,Kitchener,Ontario,27.9
,28-08-2023,Waterloo,Ontario,27.7
,29-08-2023,Toronto,Ontario,21.8
,29-08-2023,Vancouver,British Columbia,16.4
,29-08-2023,Montreal,Quebec,23.2
,29-08-2023,Calgary,Alberta,21.2
,29-08-2023,Edmonton,Alberta,28.5
,29-08-2023,Ottawa,Ontario,27.1
,29-08-2023,Winnipeg,Manitoba,22.3
,29-08-2023,Hamilton,Ontario,19.4
,29-08-2023,Kitchener,Ontario,34.8
,29-08-2023,Waterloo,Ontario,24.1
,30-08-2023,Toronto,Ontario,28.8
,30-08-2023,Vancouver,British Columbia,17.8
,30-08-2023,Montreal,Quebec,24.7
,30-08-2023,Calgary,Alberta,15.6
,30-08-2023,Edmonton,Alberta,25.1
,30-08-2023,Ottawa,Ontario,34.3
,30-08-2023,Winnipeg,Manitoba,22.7
,30-08-2023,Hamilton,Ontario,15.8
,30-08-2023,Kitchener,Ontario,15.6
,30-08-2023,Waterloo,Ontario,22.8
,31-08-2023,Toronto,Ontario,18.2
,31-08-2023,Vancouver,British Columbia,15.5
,31-08-2023,Montreal,Quebec,30.1
,31-08-2023,Calgary,Alberta,24.2
,31-08-2023,Edmonton,Alberta,20.8
,31-08-2023,Ottawa,Ontario,33
,31-08-2023,Winnipeg,Manitoba,17.3
,31-08-2023,Hamilton,Ontario,34.1
,31-08-2023,Kitchener,Ontario,21.3
,31-08-2023,Waterloo,Ontario,32.8
,01-09-2023,Toronto,Ontario,14
,01-09-2023,Vancouver,British Columbia,17.4
,01-09-2023,Montreal,Quebec,19.8
,01-09-2023,Calgary,Alberta,9.3
,01-09-2023,Edmonton,Alberta,19.4
,01-09-2023,Ottawa,Ontario,10.8
,01-09-2023,Winnipeg,Manitoba,10.8
,01-09-2023,Hamilton,Ontario,10.1
,01-09-2023,Kitchener,Ontario,13.1
,01-09-2023,Waterloo,Ontario,7.3
,02-09-2023,Toronto,Ontario,13.3
,02-09-2023,Vancouver,British Columbia,13.1
,02-09-2023,Montreal,Quebec,16.4
,02-09-2023,Calgary,Alberta,17.5
,02-09-2023,Edmonton,Alberta,11.6
,02-09-2023,Ottawa,Ontario,9.5
,02-09-2023,Winnipeg,Manitoba,8.9
,02-09-2023,Hamilton,Ontario,7.9
,02-09-2023,Kitchener,Ontario,5.9
,02-09-2023,Waterloo,Ontario,10.1
,03-09-2023,Toronto,Ontario,9.1
,03-09-2023,Vancouver,British Columbia,19.5
,03-09-2023,Montreal,Quebec,13.4
,03-09-2023,Calgary,Alberta,10.2
,03-09-2023,Edmonton,Alberta,13.7
,03-09-2023,Ottawa,Ontario,7.1
,03-09-2023,Winnipeg,Manitoba,11.7
,03-09-2023,Hamilton,Ontario,14.4
,03-09-2023,Kitchener,Ontario,12.3
,03-09-2023,Waterloo,Ontario,11
,04-09-2023,Toronto,Ontario,19.9
,04-09-2023,Vancouver,British Columbia,18.2
,04-09-2023,Montreal,Quebec,14.4
,04-09-2023,Calgary,Alberta,13.5
,04-09-2023,Edmonton,Alberta,14.3
,04-09-2023,Ottawa,Ontario,8
,04-09-2023,Winnipeg,Manitoba,10.9
,04-09-2023,Hamilton,Ontario,5.6
,04-09-2023,Kitchener,Ontario,12.1
,04-09-2023,Waterloo,Ontario,13.1
,05-09-2023,Toronto,Ontario,8.4
,05-09-2023,Vancouver,British Columbia,19.5
,05-09-2023,Montreal,Quebec,18.6
,05-09-2023,Calgary,Alberta,15.8
,05-09-2023,Edmonton,Alberta,13
,05-09-2023,Ottawa,Ontario,18
,05-09-2023,Winnipeg,Manitoba,7
,05-09-2023,Hamilton,Ontario,16.9
,05-09-2023,Kitchener,Ontario,6.9
,05-09-2023,Waterloo,Ontario,16.9
,06-09-2023,Toronto,Ontario,9.1
,06-09-2023,Vancouver,British Columbia,18.2
,06-09-2023,Montreal,Quebec,19.2
,06-09-2023,Calgary,Alberta,7.2
,06-09-2023,Edmonton,Alberta,11.9
,06-09-2023,Ottawa,Ontario,19.7
,06-09-2023,Winnipeg,Manitoba,12.3
,06-09-2023,Hamilton,Ontario,18
,06-09-2023,Kitchener,Ontario,13.8
,06-09-2023,Waterloo,Ontario,10.6
,07-09-2023,Toronto,Ontario,9.3
,07-09-2023,Vancouver,British Columbia,8
,07-09-2023,Montreal,Quebec,16.4
,07-09-2023,Calgary,Alberta,10.8
,07-09-2023,Edmonton,Alberta,12.7
,07-09-2023,Ottawa,Ontario,12.4
,07-09-2023,Winnipeg,Manitoba,13.7
,07-09-2023,Hamilton,Ontario,18
,07-09-2023,Kitchener,Ontario,19.7
,07-09-2023,Waterloo,Ontario,11.1
,08-09-2023,Toronto,Ontario,17.4
,08-09-2023,Vancouver,British Columbia,16.5
,08-09-2023,Montreal,Quebec,13.6
,08-09-2023,Calgary,Alberta,19.3
,08-09-2023,Edmonton,Alberta,8
,08-09-2023,Ottawa,Ontario,6.6
,08-09-2023,Winnipeg,Manitoba,17.8
,08-09-2023,Hamilton,Ontario,11.6
,08-09-2023,Kitchener,Ontario,17.7
,08-09-2023,Waterloo,Ontario,18.4
,09-09-2023,Toronto,Ontario,5.9
,09-09-2023,Vancouver,British Columbia,18.3
,09-09-2023,Montreal,Quebec,11.7
,09-09-2023,Calgary,Alberta,12.7
,09-09-2023,Edmonton,Alberta,14.4
,09-09-2023,Ottawa,Ontario,18.9
,09-09-2023,Winnipeg,Manitoba,5.3
,09-09-2023,Hamilton,Ontario,12.2
,09-09-2023,Kitchener,Ontario,15.3
,09-09-2023,Waterloo,Ontario,15.8
,10-09-2023,Toronto,Ontario,15.4
,10-09-2023,Vancouver,British Columbia,7
,10-09-2023,Montreal,Quebec,9.5
,10-09-2023,Calgary,Alberta,10.4
,10-09-2023,Edmonton,Alberta,17.1
,10-09-2023,Ottawa,Ontario,9.2
,10-09-2023,Winnipeg,Manitoba,8.2
,10-09-2023,Hamilton,Ontario,19.4
,10-09-2023,Kitchener,Ontario,5.1
,10-09-2023,Waterloo,Ontario,20
,11-09-2023,Toronto,Ontario,15.2
,11-09-2023,Vancouver,British Columbia,17.4
,11-09-2023,Montreal,Quebec,9.4
,11-09-2023,Calgary,Alberta,5.2
,11-09-2023,Edmonton,Alberta,16.1
,11-09-2023,Ottawa,Ontario,17.5
,11-09-2023,Winnipeg,Manitoba,16.1
,11-09-2023,Hamilton,Ontario,7.1
,11-09-2023,Kitchener,Ontario,16.3
,11-09-2023,Waterloo,Ontario,16.5
,12-09-2023,Toronto,Ontario,14.9
,12-09-2023,Vancouver,British Columbia,16.5
,12-09-2023,Montreal,Quebec,17.7
,12-09-2023,Calgary,Alberta,14.2
,12-09-2023,Edmonton,Alberta,6.3
,12-09-2023,Ottawa,Ontario,12.3
,12-09-2023,Winnipeg,Manitoba,6.2
,12-09-2023,Hamilton,Ontario,11.1
,12-09-2023,Kitchener,Ontario,11.1
,12-09-2023,Waterloo,Ontario,6
,13-09-2023,Toronto,Ontario,10.2
,13-09-2023,Vancouver,British Columbia,6.7
,13-09-2023,Montreal,Quebec,17.1
,13-09-2023,Calgary,Alberta,19.2
,13-09-2023,Edmonton,Alberta,6.1
,13-09-2023,Ottawa,Ontario,19.3
,13-09-2023,Winnipeg,Manitoba,12.8
,13-09-2023,Hamilton,Ontario,9.5
,13-09-2023,Kitchener,Ontario,6.2
,13-09-2023,Waterloo,Ontario,12.5
,14-09-2023,Toronto,Ontario,16.9
,14-09-2023,Vancouver,British Columbia,15.6
,14-09-2023,Montreal,Quebec,5.8
,14-09-2023,Calgary,Alberta,6.1
,14-09-2023,Edmonton,Alberta,11
,14-09-2023,Ottawa,Ontario,9.4
,14-09-2023,Winnipeg,Manitoba,8.5
,14-09-2023,Hamilton,Ontario,9.2
,14-09-2023,Kitchener,Ontario,17.1
,14-09-2023,Waterloo,Ontario,18.9
,15-09-2023,Toronto,Ontario,11.1
,15-09-2023,Vancouver,British Columbia,18.6
,15-09-2023,Montreal,Quebec,9.8
,15-09-2023,Calgary,Alberta,12.1
,15-09-2023,Edmonton,Alberta,8.4
,15-09-2023,Ottawa,Ontario,14.6
,15-09-2023,Winnipeg,Manitoba,19.7
,15-09-2023,Hamilton,Ontario,14.1
,15-09-2023,Kitchener,Ontario,10.4
,15-09-2023,Waterloo,Ontario,14.7
,16-09-2023,Toronto,Ontario,6.8
,16-09-2023,Vancouver,British Columbia,18.3
,16-09-2023,Montreal,Quebec,12.5
,16-09-2023,Calgary,Alberta,11.7
,16-09-2023,Edmonton,Alberta,13.8
,16-09-2023,Ottawa,Ontario,14.4
,16-09-2023,Winnipeg,Manitoba,6.1
,16-09-2023,Hamilton,Ontario,15.2
,16-09-2023,Kitchener,Ontario,8.6
,16-09-2023,Waterloo,Ontario,15.7
,17-09-2023,Toronto,Ontario,17.3
,17-09-2023,Vancouver,British Columbia,17.1
,17-09-2023,Montreal,Quebec,13.3
,17-09-2023,Calgary,Alberta,12.8
,17-09-2023,Edmonton,Alberta,7.1
,17-09-2023,Ottawa,Ontario,16.6
,17-09-2023,Winnipeg,Manitoba,9.1
,17-09-2023,Hamilton,Ontario,12.5
,17-09-2023,Kitchener,Ontario,9.3
,17-09-2023,Waterloo,Ontario,7
,18-09-2023,Toronto,Ontario,14.4
,18-09-2023,Vancouver,British Columbia,5.8
,18-09-2023,Montreal,Quebec,16.2
,18-09-2023,Calgary,Alberta,9.8
,18-09-2023,Edmonton,Alberta,5
,18-09-2023,Ottawa,Ontario,12.7
,18-09-2023,Winnipeg,Manitoba,5.7
,18-09-2023,Hamilton,Ontario,9.1
,18-09-2023,Kitchener,Ontario,15.6
,18-09-2023,Waterloo,Ontario,5.9
,19-09-2023,Toronto,Ontario,17.6
,19-09-2023,Vancouver,British Columbia,5.1
,19-09-2023,Montreal,Quebec,8.7
,19-09-2023,Calgary,Alberta,16.1
,19-09-2023,Edmonton,Alberta,9.7
,19-09-2023,Ottawa,Ontario,6.5
,19-09-2023,Winnipeg,Manitoba,10.4
,19-09-2023,Hamilton,Ontario,9.1
,19-09-2023,Kitchener,Ontario,17.6
,19-09-2023,Waterloo,Ontario,9.7
,20-09-2023,Toronto,Ontario,16.8
,20-09-2023,Vancouver,British Columbia,18.4
,20-09-2023,Montreal,Quebec,11.5
,20-09-2023,Calgary,Alberta,18.6
,20-09-2023,Edmonton,Alberta,10.7
,20-09-2023,Ottawa,Ontario,19.5
,20-09-2023,Winnipeg,Manitoba,6.3
,20-09-2023,Hamilton,Ontario,15.3
,20-09-2023,Kitchener,Ontario,12.4
,20-09-2023,Waterloo,Ontario,10.8
,21-09-2023,Toronto,Ontario,14.5
,21-09-2023,Vancouver,British Columbia,15.6
,21-09-2023,Montreal,Quebec,5.1
,21-09-2023,Calgary,Alberta,7.5
,21-09-2023,Edmonton,Alberta,15.7
,21-09-2023,Ottawa,Ontario,15
,21-09-2023,Winnipeg,Manitoba,19.5
,21-09-2023,Hamilton,Ontario,16.4
,21-09-2023,Kitchener,Ontario,19.3
,21-09-2023,Waterloo,Ontario,15.5
,22-09-2023,Toronto,Ontario,9.5
,22-09-2023,Vancouver,British Columbia,6.6
,22-09-2023,Montreal,Quebec,16.7
,22-09-2023,Calgary,Alberta,14.7
,22-09-2023,Edmonton,Alberta,5.7
,22-09-2023,Ottawa,Ontario,10.4
,22-09-2023,Winnipeg,Manitoba,19.4
,22-09-2023,Hamilton,Ontario,12.5
,22-09-2023,Kitchener,Ontario,11.5
,22-09-2023,Waterloo,Ontario,11.9
,23-09-2023,Toronto,Ontario,8.1
,23-09-2023,Vancouver,British Columbia,10.5
,23-09-2023,Montreal,Quebec,10.5
,23-09-2023,Calgary,Alberta,5.8
,23-09-2023,Edmonton,Alberta,16.5
,23-09-2023,Ottawa,Ontario,11.2
,23-09-2023,Winnipeg,Manitoba,17.3
,23-09-2023,Hamilton,Ontario,17.8
,23-09-2023,Kitchener,Ontario,8.2
,23-09-2023,Waterloo,Ontario,14.9
,24-09-2023,Toronto,Ontario,12.1
,24-09-2023,Vancouver,British Columbia,18.2
,24-09-2023,Montreal,Quebec,8.2
,24-09-2023,Calgary,Alberta,15.2
,24-09-2023,Edmonton,Alberta,14.1
,24-09-2023,Ottawa,Ontario,9.4
,24-09-2023,Winnipeg,Manitoba,7
,24-09-2023,Hamilton,Ontario,14.8
,24-09-2023,Kitchener,Ontario,16.1
,24-09-2023,Waterloo,Ontario,9.7
,25-09-2023,Toronto,Ontario,14.7
,25-09-2023,Vancouver,British Columbia,10.9
,25-09-2023,Montreal,Quebec,15.7
,25-09-2023,Calgary,Alberta,8
,25-09-2023,Edmonton,Alberta,18.4
,25-09-2023,Ottawa,Ontario,9.3
,25-09-2023,Winnipeg,Manitoba,10.5
,25-09-2023,Hamilton,Ontario,5.9
,25-09-2023,Kitchener,Ontario,6.7
,25-09-2023,Waterloo,Ontario,12.7
,26-09-2023,Toronto,Ontario,9
,26-09-2023,Vancouver,British Columbia,17.5
,26-09-2023,Montreal,Quebec,5.2
,26-09-2023,Calgary,Alberta,10.7
,26-09-2023,Edmonton,Alberta,10.1
,26-09-2023,Ottawa,Ontario,5.3
,26-09-2023,Winnipeg,Manitoba,6.9
,26-09-2023,Hamilton,Ontario,11.2
,26-09-2023,Kitchener,Ontario,12.4
,26-09-2023,Waterloo,Ontario,11.1
,27-09-2023,Toronto,Ontario,13
,27-09-2023,Vancouver,British Columbia,13.9
,27-09-2023,Montreal,Quebec,5.1
,27-09-2023,Calgary,Alberta,12
,27-09-2023,Edmonton,Alberta,19.5
,27-09-2023,Ottawa,Ontario,12.8
,27-09-2023,Winnipeg,Manitoba,15.2
,27-09-2023,Hamilton,Ontario,9.7
,27-09-2023,Kitchener,Ontario,16.6
,27-09-2023,Waterloo,Ontario,16.6
,28-09-2023,Toronto,Ontario,12.8
,28-09-2023,Vancouver,British Columbia,19.6
,28-09-2023,Montreal,Quebec,6.9
,28-09-2023,Calgary,Alberta,5.3
,28-09-2023,Edmonton,Alberta,16.6
,28-09-2023,Ottawa,Ontario,17.1
,28-09-2023,Winnipeg,Manitoba,6.8
,28-09-2023,Hamilton,Ontario,9
,28-09-2023,Kitchener,Ontario,5.3
,28-09-2023,Waterloo,Ontario,9.4
,29-09-2023,Toronto,Ontario,16.6
,29-09-2023,Vancouver,British Columbia,12.8
,29-09-2023,Montreal,Quebec,10.2
,29-09-2023,Calgary,Alberta,10.6
,29-09-2023,Edmonton,Alberta,5
,29-09-2023,Ottawa,Ontario,9.5
,29-09-2023,Winnipeg,Manitoba,14.7
,29-09-2023,Hamilton,Ontario,19.6
,29-09-2023,Kitchener,Ontario,17.7
,29-09-2023,Waterloo,Ontario,5.4
,30-09-2023,Toronto,Ontario,18.5
,30-09-2023,Vancouver,British Columbia,16.7
,30-09-2023,Montreal,Quebec,16.7
,30-09-2023,Calgary,Alberta,11.9
,30-09-2023,Edmonton,Alberta,11
,30-09-2023,Ottawa,Ontario,9.5
,30-09-2023,Winnipeg,Manitoba,6
,30-09-2023,Hamilton,Ontario,8.4
,30-09-2023,Kitchener,Ontario,8.7
,30-09-2023,Waterloo,Ontario,12.3
,01-10-2023,Toronto,Ontario,16.2
,01-10-2023,Vancouver,British Columbia,12.1
,01-10-2023,Montreal,Quebec,5.9
,01-10-2023,Calgary,Alberta,19.4
,01-10-2023,Edmonton,Alberta,19.1
,01-10-2023,Ottawa,Ontario,16.8
,01-10-2023,Winnipeg,Manitoba,19.9
,01-10-2023,Hamilton,Ontario,13.2
,01-10-2023,Kitchener,Ontario,19.4
,01-10-2023,Waterloo,Ontario,6.1
,02-10-2023,Toronto,Ontario,10.5
,02-10-2023,Vancouver,British Columbia,8.4
,02-10-2023,Montreal,Quebec,7.9
,02-10-2023,Calgary,Alberta,7.1
,02-10-2023,Edmonton,Alberta,14.3
,02-10-2023,Ottawa,Ontario,16.7
,02-10-2023,Winnipeg,Manitoba,13.7
,02-10-2023,Hamilton,Ontario,7.2
,02-10-2023,Kitchener,Ontario,17.2
,02-10-2023,Waterloo,Ontario,14.5
,03-10-2023,Toronto,Ontario,10.8
,03-10-2023,Vancouver,British Columbia,15.1
,03-10-2023,Montreal,Quebec,8.9
,03-10-2023,Calgary,Alberta,10.2
,03-10-2023,Edmonton,Alberta,18.8
,03-10-2023,Ottawa,Ontario,9.4
,03-10-2023,Winnipeg,Manitoba,12
,03-10-2023,Hamilton,Ontario,18.4
,03-10-2023,Kitchener,Ontario,15.6
,03-10-2023,Waterloo,Ontario,5.9
,04-10-2023,Toronto,Ontario,7.2
,04-10-2023,Vancouver,British Columbia,5.1
,04-10-2023,Montreal,Quebec,14.5
,04-10-2023,Calgary,Alberta,11.7
,04-10-2023,Edmonton,Alberta,7
,04-10-2023,Ottawa,Ontario,19.4
,04-10-2023,Winnipeg,Manitoba,12.9
,04-10-2023,Hamilton,Ontario,8.6
,04-10-2023,Kitchener,Ontario,12.5
,04-10-2023,Waterloo,Ontario,15.2
,05-10-2023,Toronto,Ontario,6.1
,05-10-2023,Vancouver,British Columbia,9.1
,05-10-2023,Montreal,Quebec,17.1
,05-10-2023,Calgary,Alberta,11.9
,05-10-2023,Edmonton,Alberta,13.2
,05-10-2023,Ottawa,Ontario,11.5
,05-10-2023,Winnipeg,Manitoba,5.7
,05-10-2023,Hamilton,Ontario,7.5
,05-10-2023,Kitchener,Ontario,11.7
,05-10-2023,Waterloo,Ontario,8.1
,06-10-2023,Toronto,Ontario,5.7
,06-10-2023,Vancouver,British Columbia,17.7
,06-10-2023,Montreal,Quebec,19.7
,06-10-2023,Calgary,Alberta,16.9
,06-10-2023,Edmonton,Alberta,17.8
,06-10-2023,Ottawa,Ontario,8.6
,06-10-2023,Winnipeg,Manitoba,19.4
,06-10-2023,Hamilton,Ontario,8
,06-10-2023,Kitchener,Ontario,19.3
,06-10-2023,Waterloo,Ontario,19.9
,07-10-2023,Toronto,Ontario,15.7
,07-10-2023,Vancouver,British Columbia,19.7
,07-10-2023,Montreal,Quebec,13.5
,07-10-2023,Calgary,Alberta,8.9
,07-10-2023,Edmonton,Alberta,11.6
,07-10-2023,Ottawa,Ontario,13.9
,07-10-2023,Winnipeg,Manitoba,6.1
,07-10-2023,Hamilton,Ontario,14.3
,07-10-2023,Kitchener,Ontario,19.7
,07-10-2023,Waterloo,Ontario,7.9
,08-10-2023,Toronto,Ontario,16.9
,08-10-2023,Vancouver,British Columbia,18.6
,08-10-2023,Montreal,Quebec,19.2
,08-10-2023,Calgary,Alberta,19.4
,08-10-2023,Edmonton,Alberta,12.8
,08-10-2023,Ottawa,Ontario,19.7
,08-10-2023,Winnipeg,Manitoba,16.4
,08-10-2023,Hamilton,Ontario,7.4
,08-10-2023,Kitchener,Ontario,12.2
,08-10-2023,Waterloo,Ontario,15.8
,09-10-2023,Toronto,Ontario,8.7
,09-10-2023,Vancouver,British Columbia,14.6
,09-10-2023,Montreal,Quebec,15
,09-10-2023,Calgary,Alberta,7.4
,09-10-2023,Edmonton,Alberta,13.5
,09-10-2023,Ottawa,Ontario,16.6
,09-10-2023,Winnipeg,Manitoba,12.5
,09-10-2023,Hamilton,Ontario,5.2
,09-10-2023,Kitchener,Ontario,5.1
,09-10-2023,Waterloo,Ontario,10.4
,10-10-2023,Toronto,Ontario,18.9
,10-10-2023,Vancouver,British Columbia,8.4
,10-10-2023,Montreal,Quebec,14.5
,10-10-2023,Calgary,Alberta,8.3
,10-10-2023,Edmonton,Alberta,9.8
,10-10-2023,Ottawa,Ontario,17.7
,10-10-2023,Winnipeg,Manitoba,15.9
,10-10-2023,Hamilton,Ontario,6.4
,10-10-2023,Kitchener,Ontario,11.4
,10-10-2023,Waterloo,Ontario,5.4
,11-10-2023,Toronto,Ontario,12.2
,11-10-2023,Vancouver,British Columbia,14.9
,11-10-2023,Montreal,Quebec,6.8
,11-10-2023,Calgary,Alberta,9.3
,11-10-2023,Edmonton,Alberta,11
,11-10-2023,Ottawa,Ontario,18.8
,11-10-2023,Winnipeg,Manitoba,19.9
,11-10-2023,Hamilton,Ontario,5.7
,11-10-2023,Kitchener,Ontario,16.4
,11-10-2023,Waterloo,Ontario,10.6
,12-10-2023,Toronto,Ontario,10.9
,12-10-2023,Vancouver,British Columbia,16.3
,12-10-2023,Montreal,Quebec,18.8
,12-10-2023,Calgary,Alberta,19.3
,12-10-2023,Edmonton,Alberta,13.7
,12-10-2023,Ottawa,Ontario,10.4
,12-10-2023,Winnipeg,Manitoba,16.8
,12-10-2023,Hamilton,Ontario,8.8
,12-10-2023,Kitchener,Ontario,13.5
,12-10-2023,Waterloo,Ontario,10.4
,13-10-2023,Toronto,Ontario,14.8
,13-10-2023,Vancouver,British Columbia,8.6
,13-10-2023,Montreal,Quebec,7.9
,13-10-2023,Calgary,Alberta,18.8
,13-10-2023,Edmonton,Alberta,6.5
,13-10-2023,Ottawa,Ontario,12.6
,13-10-2023,Winnipeg,Manitoba,8.3
,13-10-2023,Hamilton,Ontario,5.6
,13-10-2023,Kitchener,Ontario,5.5
,13-10-2023,Waterloo,Ontario,7.6
,14-10-2023,Toronto,Ontario,18
,14-10-2023,Vancouver,British Columbia,9.2
,14-10-2023,Montreal,Quebec,19.3
,14-10-2023,Calgary,Alberta,13.7
,14-10-2023,Edmonton,Alberta,11.5
,14-10-2023,Ottawa,Ontario,13.7
,14-10-2023,Winnipeg,Manitoba,12.8
,14-10-2023,Hamilton,Ontario,16.4
,14-10-2023,Kitchener,Ontario,9.2
,14-10-2023,Waterloo,Ontario,10.3
,15-10-2023,Toronto,Ontario,18.4
,15-10-2023,Vancouver,British Columbia,19.2
,15-10-2023,Montreal,Quebec,18.4
,15-10-2023,Calgary,Alberta,11.3
,15-10-2023,Edmonton,Alberta,16.7
,15-10-2023,Ottawa,Ontario,12.1
,15-10-2023,Winnipeg,Manitoba,12.5
,15-10-2023,Hamilton,Ontario,8.1
,15-10-2023,Kitchener,Ontario,13.9
,15-10-2023,Waterloo,Ontario,7.8
,16-10-2023,Toronto,Ontario,10
,16-10-2023,Vancouver,British Columbia,17.8
,16-10-2023,Montreal,Quebec,8.1
,16-10-2023,Calgary,Alberta,6.1
,16-10-2023,Edmonton,Alberta,6
,16-10-2023,Ottawa,Ontario,19.1
,16-10-2023,Winnipeg,Manitoba,12.6
,16-10-2023,Hamilton,Ontario,11.1
,16-10-2023,Kitchener,Ontario,17.2
,16-10-2023,Waterloo,Ontario,17.5
,17-10-2023,Toronto,Ontario,10
,17-10-2023,Vancouver,British Columbia,15.4
,17-10-2023,Montreal,Quebec,16.6
,17-10-2023,Calgary,Alberta,14.8
,17-10-2023,Edmonton,Alberta,7.3
,17-10-2023,Ottawa,Ontario,18.1
,17-10-2023,Winnipeg,Manitoba,13.1
,17-10-2023,Hamilton,Ontario,9.2
,17-10-2023,Kitchener,Ontario,11.4
,17-10-2023,Waterloo,Ontario,5.6
,18-10-2023,Toronto,Ontario,6.9
,18-10-2023,Vancouver,British Columbia,16.5
,18-10-2023,Montreal,Quebec,5
,18-10-2023,Calgary,Alberta,11.2
,18-10-2023,Edmonton,Alberta,12.8
,18-10-2023,Ottawa,Ontario,5.8
,18-10-2023,Winnipeg,Manitoba,19.6
,18-10-2023,Hamilton,Ontario,8.4
,18-10-2023,Kitchener,Ontario,9.6
,18-10-2023,Waterloo,Ontario,9.6
,19-10-2023,Toronto,Ontario,8.5
,19-10-2023,Vancouver,British Columbia,5
,19-10-2023,Montreal,Quebec,15.9
,19-10-2023,Calgary,Alberta,19.5
,19-10-2023,Edmonton,Alberta,8.4
,19-10-2023,Ottawa,Ontario,14.9
,19-10-2023,Winnipeg,Manitoba,16.1
,19-10-2023,Hamilton,Ontario,17.7
,19-10-2023,Kitchener,Ontario,11.3
,19-10-2023,Waterloo,Ontario,9.5
,20-10-2023,Toronto,Ontario,9.9
,20-10-2023,Vancouver,British Columbia,15.7
,20-10-2023,Montreal,Quebec,17.3
,20-10-2023,Calgary,Alberta,7.7
,20-10-2023,Edmonton,Alberta,10.6
,20-10-2023,Ottawa,Ontario,18.5
,20-10-2023,Winnipeg,Manitoba,17.1
,20-10-2023,Hamilton,Ontario,19.8
,20-10-2023,Kitchener,Ontario,16.3
,20-10-2023,Waterloo,Ontario,10.9
,21-10-2023,Toronto,Ontario,13.9
,21-10-2023,Vancouver,British Columbia,14.9
,21-10-2023,Montreal,Quebec,6.2
,21-10-2023,Calgary,Alberta,13.2
,21-10-2023,Edmonton,Alberta,15.6
,21-10-2023,Ottawa,Ontario,7.5
,21-10-2023,Winnipeg,Manitoba,16.7
,21-10-2023,Hamilton,Ontario,13.8
,21-10-2023,Kitchener,Ontario,19.3
,21-10-2023,Waterloo,Ontario,5.6
,22-10-2023,Toronto,Ontario,9
,22-10-2023,Vancouver,British Columbia,14
,22-10-2023,Montreal,Quebec,9.4
,22-10-2023,Calgary,Alberta,15.7
,22-10-2023,Edmonton,Alberta,16.4
,22-10-2023,Ottawa,Ontario,6.5
,22-10-2023,Winnipeg,Manitoba,12.7
,22-10-2023,Hamilton,Ontario,12.6
,22-10-2023,Kitchener,Ontario,10.5
,22-10-2023,Waterloo,Ontario,19
,23-10-2023,Toronto,Ontario,17.4
,23-10-2023,Vancouver,British Columbia,15.5
,23-10-2023,Montreal,Quebec,15.7
,23-10-2023,Calgary,Alberta,11.9
,23-10-2023,Edmonton,Alberta,18.8
,23-10-2023,Ottawa,Ontario,15.4
,23-10-2023,Winnipeg,Manitoba,15.9
,23-10-2023,Hamilton,Ontario,17.9
,23-10-2023,Kitchener,Ontario,9.1
,23-10-2023,Waterloo,Ontario,17.1
,24-10-2023,Toronto,Ontario,7.9
,24-10-2023,Vancouver,British Columbia,10.2
,24-10-2023,Montreal,Quebec,10
,24-10-2023,Calgary,Alberta,19.7
,24-10-2023,Edmonton,Alberta,17.8
,24-10-2023,Ottawa,Ontario,15.5
,24-10-2023,Winnipeg,Manitoba,15.9
,24-10-2023,Hamilton,Ontario,13.4
,24-10-2023,Kitchener,Ontario,19.2
,24-10-2023,Waterloo,Ontario,12.4
,25-10-2023,Toronto,Ontario,10.7
,25-10-2023,Vancouver,British Columbia,7.4
,25-10-2023,Montreal,Quebec,16.8
,25-10-2023,Calgary,Alberta,16
,25-10-2023,Edmonton,Alberta,10.8
,25-10-2023,Ottawa,Ontario,5.4
,25-10-2023,Winnipeg,Manitoba,17.6
,25-10-2023,Hamilton,Ontario,5.2
,25-10-2023,Kitchener,Ontario,15.6
,25-10-2023,Waterloo,Ontario,19.6
,26-10-2023,Toronto,Ontario,11.6
,26-10-2023,Vancouver,British Columbia,8.5
,26-10-2023,Montreal,Quebec,15.6
,26-10-2023,Calgary,Alberta,17.3
,26-10-2023,Edmonton,Alberta,13.2
,26-10-2023,Ottawa,Ontario,19.5
,26-10-2023,Winnipeg,Manitoba,5.8
,26-10-2023,Hamilton,Ontario,12.6
,26-10-2023,Kitchener,Ontario,15.8
,26-10-2023,Waterloo,Ontario,17.9
,27-10-2023,Toronto,Ontario,7.7
,27-10-2023,Vancouver,British Columbia,17
,27-10-2023,Montreal,Quebec,13.3
,27-10-2023,Calgary,Alberta,10.9
,27-10-2023,Edmonton,Alberta,7
,27-10-2023,Ottawa,Ontario,18
,27-10-2023,Winnipeg,Manitoba,7.4
,27-10-2023,Hamilton,Ontario,9.6
,27-10-2023,Kitchener,Ontario,9.4
,27-10-2023,Waterloo,Ontario,18.1
,28-10-2023,Toronto,Ontario,15.1
,28-10-2023,Vancouver,British Columbia,17
,28-10-2023,Montreal,Quebec,8.8
,28-10-2023,Calgary,Alberta,14.4
,28-10-2023,Edmonton,Alberta,13.6
,28-10-2023,Ottawa,Ontario,17.5
,28-10-2023,Winnipeg,Manitoba,18.6
,28-10-2023,Hamilton,Ontario,5.2
,28-10-2023,Kitchener,Ontario,15.1
,28-10-2023,Waterloo,Ontario,5.8
,29-10-2023,Toronto,Ontario,13.2
,29-10-2023,Vancouver,British Columbia,9.3
,29-10-2023,Montreal,Quebec,9.6
,29-10-2023,Calgary,Alberta,10.3
,29-10-2023,Edmonton,Alberta,14.3
,29-10-2023,Ottawa,Ontario,10
,29-10-2023,Winnipeg,Manitoba,16
,29-10-2023,Hamilton,Ontario,11.1
,29-10-2023,Kitchener,Ontario,6
,29-10-2023,Waterloo,Ontario,16.8
,30-10-2023,Toronto,Ontario,9.3
,30-10-2023,Vancouver,British Columbia,11.5
,30-10-2023,Montreal,Quebec,15.3
,30-10-2023,Calgary,Alberta,10
,30-10-2023,Edmonton,Alberta,5.8
,30-10-2023,Ottawa,Ontario,10.6
,30-10-2023,Winnipeg,Manitoba,19.2
,30-10-2023,Hamilton,Ontario,14.6
,30-10-2023,Kitchener,Ontario,15.1
,30-10-2023,Waterloo,Ontario,14.5
,31-10-2023,Toronto,Ontario,8
,31-10-2023,Vancouver,British Columbia,11.3
,31-10-2023,Montreal,Quebec,16.3
,31-10-2023,Calgary,Alberta,6.5
,31-10-2023,Edmonton,Alberta,9.2
,31-10-2023,Ottawa,Ontario,9.1
,31-10-2023,Winnipeg,Manitoba,11.5
,31-10-2023,Hamilton,Ontario,19.7
,31-10-2023,Kitchener,Ontario,6
,31-10-2023,Waterloo,Ontario,12.8
,01-11-2023,Toronto,Ontario,7.7
,01-11-2023,Vancouver,British Columbia,19.6
,01-11-2023,Montreal,Quebec,6.7
,01-11-2023,Calgary,Alberta,11.1
,01-11-2023,Edmonton,Alberta,16.1
,01-11-2023,Ottawa,Ontario,15.6
,01-11-2023,Winnipeg,Manitoba,11.3
,01-11-2023,Hamilton,Ontario,10.2
,01-11-2023,Kitchener,Ontario,11
,01-11-2023,Waterloo,Ontario,9
,02-11-2023,Toronto,Ontario,8.1
,02-11-2023,Vancouver,British Columbia,12.2
,02-11-2023,Montreal,Quebec,9
,02-11-2023,Calgary,Alberta,9.3
,02-11-2023,Edmonton,Alberta,14.9
,02-11-2023,Ottawa,Ontario,19.5
,02-11-2023,Winnipeg,Manitoba,14.1
,02-11-2023,Hamilton,Ontario,6.2
,02-11-2023,Kitchener,Ontario,6.1
,02-11-2023,Waterloo,Ontario,19.3
,03-11-2023,Toronto,Ontario,9.5
,03-11-2023,Vancouver,British Columbia,6.4
,03-11-2023,Montreal,Quebec,14
,03-11-2023,Calgary,Alberta,14.4
,03-11-2023,Edmonton,Alberta,14.7
,03-11-2023,Ottawa,Ontario,9
,03-11-2023,Winnipeg,Manitoba,5.2
,03-11-2023,Hamilton,Ontario,19.5
,03-11-2023,Kitchener,Ontario,8.8
,03-11-2023,Waterloo,Ontario,15.1
,04-11-2023,Toronto,Ontario,15.6
,04-11-2023,Vancouver,British Columbia,14.2
,04-11-2023,Montreal,Quebec,9.7
,04-11-2023,Calgary,Alberta,9.1
,04-11-2023,Edmonton,Alberta,14
,04-11-2023,Ottawa,Ontario,18
,04-11-2023,Winnipeg,Manitoba,19.2
,04-11-2023,Hamilton,Ontario,6.6
,04-11-2023,Kitchener,Ontario,7.3
,04-11-2023,Waterloo,Ontario,19.2
,05-11-2023,Toronto,Ontario,16
,05-11-2023,Vancouver,British Columbia,18.2
,05-11-2023,Montreal,Quebec,8
,05-11-2023,Calgary,Alberta,13.8
,05-11-2023,Edmonton,Alberta,15.5
,05-11-2023,Ottawa,Ontario,15.2
,05-11-2023,Winnipeg,Manitoba,11.1
,05-11-2023,Hamilton,Ontario,5.2
,05-11-2023,Kitchener,Ontario,13.7
,05-11-2023,Waterloo,Ontario,8.8
,06-11-2023,Toronto,Ontario,11.8
,06-11-2023,Vancouver,British Columbia,19.4
,06-11-2023,Montreal,Quebec,11
,06-11-2023,Calgary,Alberta,17.6
,06-11-2023,Edmonton,Alberta,7.8
,06-11-2023,Ottawa,Ontario,15.1
,06-11-2023,Winnipeg,Manitoba,19.7
,06-11-2023,Hamilton,Ontario,6.5
,06-11-2023,Kitchener,Ontario,5.1
,06-11-2023,Waterloo,Ontario,11.5
,07-11-2023,Toronto,Ontario,6.4
,07-11-2023,Vancouver,British Columbia,16.2
,07-11-2023,Montreal,Quebec,18.7
,07-11-2023,Calgary,Alberta,11.5
,07-11-2023,Edmonton,Alberta,8.9
,07-11-2023,Ottawa,Ontario,11.5
,07-11-2023,Winnipeg,Manitoba,15.9
,07-11-2023,Hamilton,Ontario,5.1
,07-11-2023,Kitchener,Ontario,13.8
,07-11-2023,Waterloo,Ontario,14.2
,08-11-2023,Toronto,Ontario,14.6
,08-11-2023,Vancouver,British Columbia,8.6
,08-11-2023,Montreal,Quebec,15.7
,08-11-2023,Calgary,Alberta,6.4
,08-11-2023,Edmonton,Alberta,8
,08-11-2023,Ottawa,Ontario,18.2
,08-11-2023,Winnipeg,Manitoba,16.1
,08-11-2023,Hamilton,Ontario,5.2
,08-11-2023,Kitchener,Ontario,8.7
,08-11-2023,Waterloo,Ontario,8.2
,09-11-2023,Toronto,Ontario,9.1
,09-11-2023,Vancouver,British Columbia,8.7
,09-11-2023,Montreal,Quebec,5.9
,09-11-2023,Calgary,Alberta,11.9
,09-11-2023,Edmonton,Alberta,16
,09-11-2023,Ottawa,Ontario,14.1
,09-11-2023,Winnipeg,Manitoba,15.1
,09-11-2023,Hamilton,Ontario,6.2
,09-11-2023,Kitchener,Ontario,19.3
,09-11-2023,Waterloo,Ontario,17.6
,10-11-2023,Toronto,Ontario,17.1
,10-11-2023,Vancouver,British Columbia,17.3
,10-11-2023,Montreal,Quebec,19
,10-11-2023,Calgary,Alberta,13.2
,10-11-2023,Edmonton,Alberta,8
,10-11-2023,Ottawa,Ontario,14.3
,10-11-2023,Winnipeg,Manitoba,16.1
,10-11-2023,Hamilton,Ontario,16.1
,10-11-2023,Kitchener,Ontario,12.8
,10-11-2023,Waterloo,Ontario,6
,11-11-2023,Toronto,Ontario,10.6
,11-11-2023,Vancouver,British Columbia,18.8
,11-11-2023,Montreal,Quebec,13.8
,11-11-2023,Calgary,Alberta,13.1
,11-11-2023,Edmonton,Alberta,9
,11-11-2023,Ottawa,Ontario,10.5
,11-11-2023,Winnipeg,Manitoba,18.4
,11-11-2023,Hamilton,Ontario,15
,11-11-2023,Kitchener,Ontario,16.8
,11-11-2023,Waterloo,Ontario,11.8
,12-11-2023,Toronto,Ontario,14.5
,12-11-2023,Vancouver,British Columbia,8.7
,12-11-2023,Montreal,Quebec,15.6
,12-11-2023,Calgary,Alberta,11.4
,12-11-2023,Edmonton,Alberta,11.6
,12-11-2023,Ottawa,Ontario,14.7
,12-11-2023,Winnipeg,Manitoba,19
,12-11-2023,Hamilton,Ontario,6
,12-11-2023,Kitchener,Ontario,17.4
,12-11-2023,Waterloo,Ontario,9.4
,13-11-2023,Toronto,Ontario,11.7
,13-11-2023,Vancouver,British Columbia,5.3
,13-11-2023,Montreal,Quebec,9.5
,13-11-2023,Calgary,Alberta,12.5
,13-11-2023,Edmonton,Alberta,5.8
,13-11-2023,Ottawa,Ontario,12.4
,13-11-2023,Winnipeg,Manitoba,18.9
,13-11-2023,Hamilton,Ontario,6.6
,13-11-2023,Kitchener,Ontario,16.5
,13-11-2023,Waterloo,Ontario,11.1
,14-11-2023,Toronto,Ontario,14.8
,14-11-2023,Vancouver,British Columbia,8.9
,14-11-2023,Montreal,Quebec,7.4
,14-11-2023,Calgary,Alberta,7.4
,14-11-2023,Edmonton,Alberta,6.1
,14-11-2023,Ottawa,Ontario,7.8
,14-11-2023,Winnipeg,Manitoba,15
,14-11-2023,Hamilton,Ontario,18.2
,14-11-2023,Kitchener,Ontario,17.2
,14-11-2023,Waterloo,Ontario,15.3
,15-11-2023,Toronto,Ontario,6.7
,15-11-2023,Vancouver,British Columbia,9.3
,15-11-2023,Montreal,Quebec,9.6
,15-11-2023,Calgary,Alberta,8.7
,15-11-2023,Edmonton,Alberta,12.7
,15-11-2023,Ottawa,Ontario,13
,15-11-2023,Winnipeg,Manitoba,10.4
,15-11-2023,Hamilton,Ontario,10.3
,15-11-2023,Kitchener,Ontario,17.4
,15-11-2023,Waterloo,Ontario,16.8
,16-11-2023,Toronto,Ontario,9.6
,16-11-2023,Vancouver,British Columbia,18.7
,16-11-2023,Montreal,Quebec,19.3
,16-11-2023,Calgary,Alberta,9.9
,16-11-2023,Edmonton,Alberta,10.3
,16-11-2023,Ottawa,Ontario,12.6
,16-11-2023,Winnipeg,Manitoba,19.1
,16-11-2023,Hamilton,Ontario,18.1
,16-11-2023,Kitchener,Ontario,6.5
,16-11-2023,Waterloo,Ontario,10.9
,17-11-2023,Toronto,Ontario,13.3
,17-11-2023,Vancouver,British Columbia,12.5
,17-11-2023,Montreal,Quebec,7.9
,17-11-2023,Calgary,Alberta,17.9
,17-11-2023,Edmonton,Alberta,15.2
,17-11-2023,Ottawa,Ontario,17.6
,17-11-2023,Winnipeg,Manitoba,17.9
,17-11-2023,Hamilton,Ontario,16.2
,17-11-2023,Kitchener,Ontario,11.6
,17-11-2023,Waterloo,Ontario,14.2
,18-11-2023,Toronto,Ontario,7.4
,18-11-2023,Vancouver,British Columbia,15.1
,18-11-2023,Montreal,Quebec,7.7
,18-11-2023,Calgary,Alberta,15.4
,18-11-2023,Edmonton,Alberta,8.4
,18-11-2023,Ottawa,Ontario,6.8
,18-11-2023,Winnipeg,Manitoba,7.5
,18-11-2023,Hamilton,Ontario,5
,18-11-2023,Kitchener,Ontario,15.8
,18-11-2023,Waterloo,Ontario,16
,19-11-2023,Toronto,Ontario,12.7
,19-11-2023,Vancouver,British Columbia,7.4
,19-11-2023,Montreal,Quebec,6.3
,19-11-2023,Calgary,Alberta,5.3
,19-11-2023,Edmonton,Alberta,7.5
,19-11-2023,Ottawa,Ontario,18.4
,19-11-2023,Winnipeg,Manitoba,8.6
,19-11-2023,Hamilton,Ontario,10.3
,19-11-2023,Kitchener,Ontario,6.6
,19-11-2023,Waterloo,Ontario,8.3
,20-11-2023,Toronto,Ontario,12.8
,20-11-2023,Vancouver,British Columbia,14.1
,20-11-2023,Montreal,Quebec,8.7
,20-11-2023,Calgary,Alberta,5.9
,20-11-2023,Edmonton,Alberta,10.9
,20-11-2023,Ottawa,Ontario,8.5
,20-11-2023,Winnipeg,Manitoba,8.3
,20-11-2023,Hamilton,Ontario,19.4
,20-11-2023,Kitchener,Ontario,14.2
,20-11-2023,Waterloo,Ontario,13.4
,21-11-2023,Toronto,Ontario,11.2
,21-11-2023,Vancouver,British Columbia,11.4
,21-11-2023,Montreal,Quebec,13.1
,21-11-2023,Calgary,Alberta,15.4
,21-11-2023,Edmonton,Alberta,15.5
,21-11-2023,Ottawa,Ontario,7.6
,21-11-2023,Winnipeg,Manitoba,12.5
,21-11-2023,Hamilton,Ontario,11.2
,21-11-2023,Kitchener,Ontario,18.1
,21-11-2023,Waterloo,Ontario,14.5
,22-11-2023,Toronto,Ontario,13
,22-11-2023,Vancouver,British Columbia,6.7
,22-11-2023,Montreal,Quebec,14.1
,22-11-2023,Calgary,Alberta,6.8
,22-11-2023,Edmonton,Alberta,10.1
,22-11-2023,Ottawa,Ontario,7.1
,22-11-2023,Winnipeg,Manitoba,15.4
,22-11-2023,Hamilton,Ontario,8.1
,22-11-2023,Kitchener,Ontario,10.9
,22-11-2023,Waterloo,Ontario,18.4
,23-11-2023,Toronto,Ontario,8.1
,23-11-2023,Vancouver,British Columbia,12.6
,23-11-2023,Montreal,Quebec,11.3
,23-11-2023,Calgary,Alberta,5.3
,23-11-2023,Edmonton,Alberta,16.9
,23-11-2023,Ottawa,Ontario,6
,23-11-2023,Winnipeg,Manitoba,12.1
,23-11-2023,Hamilton,Ontario,13.4
,23-11-2023,Kitchener,Ontario,14.4
,23-11-2023,Waterloo,Ontario,15.3
,24-11-2023,Toronto,Ontario,8.8
,24-11-2023,Vancouver,British Columbia,5.1
,24-11-2023,Montreal,Quebec,15.9
,24-11-2023,Calgary,Alberta,13
,24-11-2023,Edmonton,Alberta,17.5
,24-11-2023,Ottawa,Ontario,17.3
,24-11-2023,Winnipeg,Manitoba,17.6
,24-11-2023,Hamilton,Ontario,12.3
,24-11-2023,Kitchener,Ontario,10
,24-11-2023,Waterloo,Ontario,16.9
,25-11-2023,Toronto,Ontario,11.8
,25-11-2023,Vancouver,British Columbia,7.8
,25-11-2023,Montreal,Quebec,17.8
,25-11-2023,Calgary,Alberta,18.2
,25-11-2023,Edmonton,Alberta,12
,25-11-2023,Ottawa,Ontario,6.1
,25-11-2023,Winnipeg,Manitoba,10.8
,25-11-2023,Hamilton,Ontario,17.1
,25-11-2023,Kitchener,Ontario,18.5
,25-11-2023,Waterloo,Ontario,8.1
,26-11-2023,Toronto,Ontario,6
,26-11-2023,Vancouver,British Columbia,18.2
,26-11-2023,Montreal,Quebec,10.8
,26-11-2023,Calgary,Alberta,13.1
,26-11-2023,Edmonton,Alberta,19.5
,26-11-2023,Ottawa,Ontario,6
,26-11-2023,Winnipeg,Manitoba,14.7
,26-11-2023,Hamilton,Ontario,6.1
,26-11-2023,Kitchener,Ontario,10.6
,26-11-2023,Waterloo,Ontario,17.1
,27-11-2023,Toronto,Ontario,11.5
,27-11-2023,Vancouver,British Columbia,20
,27-11-2023,Montreal,Quebec,13.4
,27-11-2023,Calgary,Alberta,9.8
,27-11-2023,Edmonton,Alberta,8.3
,27-11-2023,Ottawa,Ontario,10.3
,27-11-2023,Winnipeg,Manitoba,10.6
,27-11-2023,Hamilton,Ontario,6
,27-11-2023,Kitchener,Ontario,10.5
,27-11-2023,Waterloo,Ontario,12
,28-11-2023,Toronto,Ontario,15.8
,28-11-2023,Vancouver,British Columbia,14.9
,28-11-2023,Montreal,Quebec,15.6
,28-11-2023,Calgary,Alberta,5.1
,28-11-2023,Edmonton,Alberta,8.3
,28-11-2023,Ottawa,Ontario,14.9
,28-11-2023,Winnipeg,Manitoba,12.3
,28-11-2023,Hamilton,Ontario,5.1
,28-11-2023,Kitchener,Ontario,17.1
,28-11-2023,Waterloo,Ontario,16.6
,29-11-2023,Toronto,Ontario,13.2
,29-11-2023,Vancouver,British Columbia,6
,29-11-2023,Montreal,Quebec,16.5
,29-11-2023,Calgary,Alberta,13.8
,29-11-2023,Edmonton,Alberta,16.7
,29-11-2023,Ottawa,Ontario,16.3
,29-11-2023,Winnipeg,Manitoba,17
,29-11-2023,Hamilton,Ontario,12.8
,29-11-2023,Kitchener,Ontario,7.1
,29-11-2023,Waterloo,Ontario,15.1
,30-11-2023,Toronto,Ontario,14.3
,30-11-2023,Vancouver,British Columbia,16.1
,30-11-2023,Montreal,Quebec,7.5
,30-11-2023,Calgary,Alberta,7.9
,30-11-2023,Edmonton,Alberta,18.4
,30-11-2023,Ottawa,Ontario,16.2
,30-11-2023,Winnipeg,Manitoba,18.6
,30-11-2023,Hamilton,Ontario,16.4
,30-11-2023,Kitchener,Ontario,14
,30-11-2023,Waterloo,Ontario,14.8
,01-12-2023,Toronto,Ontario,-2.8
,01-12-2023,Vancouver,British Columbia,-10.5
,01-12-2023,Montreal,Quebec,-9.2
,01-12-2023,Calgary,Alberta,-21.1
,01-12-2023,Edmonton,Alberta,-13.2
,01-12-2023,Ottawa,Ontario,-7.1
,01-12-2023,Winnipeg,Manitoba,-18.2
,01-12-2023,Hamilton,Ontario,-19.9
,01-12-2023,Kitchener,Ontario,-17.2
,01-12-2023,Waterloo,Ontario,-19
,02-12-2023,Toronto,Ontario,-19.6
,02-12-2023,Vancouver,British Columbia,-14.4
,02-12-2023,Montreal,Quebec,-2.3
,02-12-2023,Calgary,Alberta,-12.3
,02-12-2023,Edmonton,Alberta,-20.3
,02-12-2023,Ottawa,Ontario,-23.1
,02-12-2023,Winnipeg,Manitoba,-7.6
,02-12-2023,Hamilton,Ontario,-15.4
,02-12-2023,Kitchener,Ontario,-4.5
,02-12-2023,Waterloo,Ontario,-8.5
,03-12-2023,Toronto,Ontario,-5.1
,03-12-2023,Vancouver,British Columbia,-18.2
,03-12-2023,Montreal,Quebec,-7.7
,03-12-2023,Calgary,Alberta,-18.4
,03-12-2023,Edmonton,Alberta,-1.5
,03-12-2023,Ottawa,Ontario,-9.1
,03-12-2023,Winnipeg,Manitoba,-16.9
,03-12-2023,Hamilton,Ontario,-18.3
,03-12-2023,Kitchener,Ontario,-20.2
,03-12-2023,Waterloo,Ontario,-7.6
,04-12-2023,Toronto,Ontario,-19.5
,04-12-2023,Vancouver,British Columbia,-10.1
,04-12-2023,Montreal,Quebec,-18.4
,04-12-2023,Calgary,Alberta,-8.5
,04-12-2023,Edmonton,Alberta,-4.6
,04-12-2023,Ottawa,Ontario,-5.5
,04-12-2023,Winnipeg,Manitoba,-6
,04-12-2023,Hamilton,Ontario,-20.3
,04-12-2023,Kitchener,Ontario,-22.8
,04-12-2023,Waterloo,Ontario,-7.5
,05-12-2023,Toronto,Ontario,-15.8
,05-12-2023,Vancouver,British Columbia,-14.2
,05-12-2023,Montreal,Quebec,-24.2
,05-12-2023,Calgary,Alberta,-18.5
,05-12-2023,Edmonton,Alberta,-24.2
,05-12-2023,Ottawa,Ontario,-3
,05-12-2023,Winnipeg,Manitoba,-18.9
,05-12-2023,Hamilton,Ontario,-11.1
,05-12-2023,Kitchener,Ontario,-24
,05-12-2023,Waterloo,Ontario,-8.3
,06-12-2023,Toronto,Ontario,-16.9
,06-12-2023,Vancouver,British Columbia,-2.6
,06-12-2023,Montreal,Quebec,-2.8
,06-12-2023,Calgary,Alberta,-16.9
,06-12-2023,Edmonton,Alberta,-2.5
,06-12-2023,Ottawa,Ontario,-0.1
,06-12-2023,Winnipeg,Manitoba,-4.4
,06-12-2023,Hamilton,Ontario,-3.9
,06-12-2023,Kitchener,Ontario,-18.8
,06-12-2023,Waterloo,Ontario,-10.6
,07-12-2023,Toronto,Ontario,-23.3
,07-12-2023,Vancouver,British Columbia,-22.6
,07-12-2023,Montreal,Quebec,0
,07-12-2023,Calgary,Alberta,-16.8
,07-12-2023,Edmonton,Alberta,-6.3
,07-12-2023,Ottawa,Ontario,-4.8
,07-12-2023,Winnipeg,Manitoba,-3.5
,07-12-2023,Hamilton,Ontario,-0.1
,07-12-2023,Kitchener,Ontario,-19
,07-12-2023,Waterloo,Ontario,-24
,08-12-2023,Toronto,Ontario,-14.7
,08-12-2023,Vancouver,British Columbia,-21.7
,08-12-2023,Montreal,Quebec,-24.4
,08-12-2023,Calgary,Alberta,-16
,08-12-2023,Edmonton,Alberta,-5.4
,08-12-2023,Ottawa,Ontario,-10.8
,08-12-2023,Winnipeg,Manitoba,-17.2
,08-12-2023,Hamilton,Ontario,-8.6
,08-12-2023,Kitchener,Ontario,-19.2
,08-12-2023,Waterloo,Ontario,-24.6
,09-12-2023,Toronto,Ontario,-5.9
,09-12-2023,Vancouver,British Columbia,-9.4
,09-12-2023,Montreal,Quebec,-5.9
,09-12-2023,Calgary,Alberta,-24
,09-12-2023,Edmonton,Alberta,-4.1
,09-12-2023,Ottawa,Ontario,-9.5
,09-12-2023,Winnipeg,Manitoba,-10.9
,09-12-2023,Hamilton,Ontario,-9.4
,09-12-2023,Kitchener,Ontario,-3.4
,09-12-2023,Waterloo,Ontario,-10.3
,10-12-2023,Toronto,Ontario,-10.5
,10-12-2023,Vancouver,British Columbia,-0.2
,10-12-2023,Montreal,Quebec,-6.1
,10-12-2023,Calgary,Alberta,-13.9
,10-12-2023,Edmonton,Alberta,-7.3
,10-12-2023,Ottawa,Ontario,-15.3
,10-12-2023,Winnipeg,Manitoba,-19.3
,10-12-2023,Hamilton,Ontario,-10.1
,10-12-2023,Kitchener,Ontario,-1.8
,10-12-2023,Waterloo,Ontario,-1.8
,11-12-2023,Toronto,Ontario,-16.5
,11-12-2023,Vancouver,British Columbia,-11.8
,11-12-2023,Montreal,Quebec,-19.7
,11-12-2023,Calgary,Alberta,-0.1
,11-12-2023,Edmonton,Alberta,-0.5
,11-12-2023,Ottawa,Ontario,-8.8
,11-12-2023,Winnipeg,Manitoba,-4.9
,11-12-2023,Hamilton,Ontario,-7.1
,11-12-2023,Kitchener,Ontario,-10.2
,11-12-2023,Waterloo,Ontario,-23.7
,12-12-2023,Toronto,Ontario,-13.6
,12-12-2023,Vancouver,British Columbia,-8.1
,12-12-2023,Montreal,Quebec,-8.1
,12-12-2023,Calgary,Alberta,-15.7
,12-12-2023,Edmonton,Alberta,-1.5
,12-12-2023,Ottawa,Ontario,-20.8
,12-12-2023,Winnipeg,Manitoba,-12.5
,12-12-2023,Hamilton,Ontario,-7.7
,12-12-2023,Kitchener,Ontario,-7.6
,12-12-2023,Waterloo,Ontario,-8.8
,13-12-2023,Toronto,Ontario,-18.1
,13-12-2023,Vancouver,British Columbia,-21.1
,13-12-2023,Montreal,Quebec,-9.1
,13-12-2023,Calgary,Alberta,-10
,13-12-2023,Edmonton,Alberta,-20.5
,13-12-2023,Ottawa,Ontario,-7.4
,13-12-2023,Winnipeg,Manitoba,-13.6
,13-12-2023,Hamilton,Ontario,-8.3
,13-12-2023,Kitchener,Ontario,-4.1
,13-12-2023,Waterloo,Ontario,-20.8
,14-12-2023,Toronto,Ontario,-24.5
,14-12-2023,Vancouver,British Columbia,-5.5
,14-12-2023,Montreal,Quebec,-9.8
,14-12-2023,Calgary,Alberta,-7.5
,14-12-2023,Edmonton,Alberta,-4
,14-12-2023,Ottawa,Ontario,-4.9
,14-12-2023,Winnipeg,Manitoba,-1
,14-12-2023,Hamilton,Ontario,-11.6
,14-12-2023,Kitchener,Ontario,-12.8
,14-12-2023,Waterloo,Ontario,-15
,15-12-2023,Toronto,Ontario,-21.2
,15-12-2023,Vancouver,British Columbia,-10.7
,15-12-2023,Montreal,Quebec,-18.1
,15-12-2023,Calgary,Alberta,-2
,15-12-2023,Edmonton,Alberta,-10.4
,15-12-2023,Ottawa,Ontario,-10.2
,15-12-2023,Winnipeg,Manitoba,-16.1
,15-12-2023,Hamilton,Ontario,-23.7
,15-12-2023,Kitchener,Ontario,-24.2
,15-12-2023,Waterloo,Ontario,-14.4
,16-12-2023,Toronto,Ontario,-22.9
,16-12-2023,Vancouver,British Columbia,-9.8
,16-12-2023,Montreal,Quebec,-3
,16-12-2023,Calgary,Alberta,-2.9
,16-12-2023,Edmonton,Alberta,-8.5
,16-12-2023,Ottawa,Ontario,-19.7
,16-12-2023,Winnipeg,Manitoba,-3.4
,16-12-2023,Hamilton,Ontario,-2.8
,16-12-2023,Kitchener,Ontario,-20.1
,16-12-2023,Waterloo,Ontario,-6.6
,17-12-2023,Toronto,Ontario,-17.8
,17-12-2023,Vancouver,British Columbia,-4.9
,17-12-2023,Montreal,Quebec,-0.1
,17-12-2023,Calgary,Alberta,-24.2
,17-12-2023,Edmonton,Alberta,-2.6
,17-12-2023,Ottawa,Ontario,-9.4
,17-12-2023,Winnipeg,Manitoba,-0.7
,17-12-2023,Hamilton,Ontario,-13.4
,17-12-2023,Kitchener,Ontario,-3.8
,17-12-2023,Waterloo,Ontario,-23.4
,18-12-2023,Toronto,Ontario,-16.6
,18-12-2023,Vancouver,British Columbia,-23.3
,18-12-2023,Montreal,Quebec,-0.6
,18-12-2023,Calgary,Alberta,-4.6
,18-12-2023,Edmonton,Alberta,-3.7
,18-12-2023,Ottawa,Ontario,-1.6
,18-12-2023,Winnipeg,Manitoba,-22.9
,18-12-2023,Hamilton,Ontario,-15.4
,18-12-2023,Kitchener,Ontario,-23.2
,18-12-2023,Waterloo,Ontario,-19.7
,19-12-2023,Toronto,Ontario,-19.3
,19-12-2023,Vancouver,British Columbia,-13.3
,19-12-2023,Montreal,Quebec,-18.3
,19-12-2023,Calgary,Alberta,-22.5
,19-12-2023,Edmonton,Alberta,-20.8
,19-12-2023,Ottawa,Ontario,-21.3
,19-12-2023,Winnipeg,Manitoba,-0.7
,19-12-2023,Hamilton,Ontario,-6
,19-12-2023,Kitchener,Ontario,-0.8
,19-12-2023,Waterloo,Ontario,-14
,20-12-2023,Toronto,Ontario,-18
,20-12-2023,Vancouver,British Columbia,-5
,20-12-2023,Montreal,Quebec,-16.8
,20-12-2023,Calgary,Alberta,-17.5
,20-12-2023,Edmonton,Alberta,-19.2
,20-12-2023,Ottawa,Ontario,-21.8
,20-12-2023,Winnipeg,Manitoba,-18.6
,20-12-2023,Hamilton,Ontario,-16.1
,20-12-2023,Kitchener,Ontario,-8.2
,20-12-2023,Waterloo,Ontario,-23.4
,21-12-2023,Toronto,Ontario,-19.7
,21-12-2023,Vancouver,British Columbia,-4.8
,21-12-2023,Montreal,Quebec,-21.3
,21-12-2023,Calgary,Alberta,-16.4
,21-12-2023,Edmonton,Alberta,-3.4
,21-12-2023,Ottawa,Ontario,-21.1
,21-12-2023,Winnipeg,Manitoba,-22.9
,21-12-2023,Hamilton,Ontario,-12.9
,21-12-2023,Kitchener,Ontario,-17.4
,21-12-2023,Waterloo,Ontario,-10.9
,22-12-2023,Toronto,Ontario,-4.9
,22-12-2023,Vancouver,British Columbia,-21.6
,22-12-2023,Montreal,Quebec,-10.5
,22-12-2023,Calgary,Alberta,-12.4
,22-12-2023,Edmonton,Alberta,-21.4
,22-12-2023,Ottawa,Ontario,-9.4
,22-12-2023,Winnipeg,Manitoba,-18.2
,22-12-2023,Hamilton,Ontario,-12.8
,22-12-2023,Kitchener,Ontario,-22.9
,22-12-2023,Waterloo,Ontario,-13.5
,23-12-2023,Toronto,Ontario,-17.3
,23-12-2023,Vancouver,British Columbia,-4.4
,23-12-2023,Montreal,Quebec,-23.6
,23-12-2023,Calgary,Alberta,-14.5
,23-12-2023,Edmonton,Alberta,-13.5
,23-12-2023,Ottawa,Ontario,-6.9
,23-12-2023,Winnipeg,Manitoba,-10.6
,23-12-2023,Hamilton,Ontario,-8.3
,23-12-2023,Kitchener,Ontario,-5.6
,23-12-2023,Waterloo,Ontario,-3.4
,24-12-2023,Toronto,Ontario,-17.2
,24-12-2023,Vancouver,British Columbia,-11.5
,24-12-2023,Montreal,Quebec,-4
,24-12-2023,Calgary,Alberta,-0.3
,24-12-2023,Edmonton,Alberta,-2.8
,24-12-2023,Ottawa,Ontario,-15.7
,24-12-2023,Winnipeg,Manitoba,-20.1
,24-12-2023,Hamilton,Ontario,-12.8
,24-12-2023,Kitchener,Ontario,-6.5
,24-12-2023,Waterloo,Ontario,-12.7
,25-12-2023,Toronto,Ontario,-12.9
,25-12-2023,Vancouver,British Columbia,-4
,25-12-2023,Montreal,Quebec,-16
,25-12-2023,Calgary,Alberta,-3.5
,25-12-2023,Edmonton,Alberta,-14.8
,25-12-2023,Ottawa,Ontario,-16.8
,25-12-2023,Winnipeg,Manitoba,-13.7
,25-12-2023,Hamilton,Ontario,-5.9
,25-12-2023,Kitchener,Ontario,-21.8
,25-12-2023,Waterloo,Ontario,-20.1
,26-12-2023,Toronto,Ontario,-1.2
,26-12-2023,Vancouver,British Columbia,-20.6
,26-12-2023,Montreal,Quebec,-10.8
,26-12-2023,Calgary,Alberta,-10.5
,26-12-2023,Edmonton,Alberta,-12.8
,26-12-2023,Ottawa,Ontario,-8.9
,26-12-2023,Winnipeg,Manitoba,-19.3
,26-12-2023,Hamilton,Ontario,-11.2
,26-12-2023,Kitchener,Ontario,-15.7
,26-12-2023,Waterloo,Ontario,-8.5
,27-12-2023,Toronto,Ontario,-21.5
,27-12-2023,Vancouver,British Columbia,-10.7
,27-12-2023,Montreal,Quebec,-20.4
,27-12-2023,Calgary,Alberta,-18
,27-12-2023,Edmonton,Alberta,-19.5
,27-12-2023,Ottawa,Ontario,-20.4
,27-12-2023,Winnipeg,Manitoba,-4.4
,27-12-2023,Hamilton,Ontario,-17.9
,27-12-2023,Kitchener,Ontario,-1.8
,27-12-2023,Waterloo,Ontario,-0.8
,28-12-2023,Toronto,Ontario,-10.7
,28-12-2023,Vancouver,British Columbia,-21.4
,28-12-2023,Montreal,Quebec,-15.6
,28-12-2023,Calgary,Alberta,-5.1
,28-12-2023,Edmonton,Alberta,-15.8
,28-12-2023,Ottawa,Ontario,-22.8
,28-12-2023,Winnipeg,Manitoba,-11.1
,28-12-2023,Hamilton,Ontario,-3.9
,28-12-2023,Kitchener,Ontario,-5.1
,28-12-2023,Waterloo,Ontario,-20.6
,29-12-2023,Toronto,Ontario,-8.2
,29-12-2023,Vancouver,British Columbia,-19.5
,29-12-2023,Montreal,Quebec,-19.5
,29-12-2023,Calgary,Alberta,-3.1
,29-12-2023,Edmonton,Alberta,-18.8
,29-12-2023,Ottawa,Ontario,-18.4
,29-12-2023,Winnipeg,Manitoba,-25
,29-12-2023,Hamilton,Ontario,-3.2
,29-12-2023,Kitchener,Ontario,-5.2
,29-12-2023,Waterloo,Ontario,-9.3
,30-12-2023,Toronto,Ontario,-6.2
,30-12-2023,Vancouver,British Columbia,-21.2
,30-12-2023,Montreal,Quebec,-13.5
,30-12-2023,Calgary,Alberta,-16.2
,30-12-2023,Edmonton,Alberta,-22.7
,30-12-2023,Ottawa,Ontario,-12.8
,30-12-2023,Winnipeg,Manitoba,-2
,30-12-2023,Hamilton,Ontario,-24
,30-12-2023,Kitchener,Ontario,-17.7
,30-12-2023,Waterloo,Ontario,-19.8
,31-12-2023,Toronto,Ontario,-19
,31-12-2023,Vancouver,British Columbia,-2.3
,31-12-2023,Montreal,Quebec,-13.3
,31-12-2023,Calgary,Alberta,-13.3
,31-12-2023,Edmonton,Alberta,-6
,31-12-2023,Ottawa,Ontario,-21.1
,31-12-2023,Winnipeg,Manitoba,-12.8
,31-12-2023,Hamilton,Ontario,-14.3
,31-12-2023,Kitchener,Ontario,-10.1
,31-12-2023,Waterloo,Ontario,0
,01-01-2024,Toronto,Ontario,-5.8
,01-01-2024,Vancouver,British Columbia,-15.1
,01-01-2024,Montreal,Quebec,-4.3
,01-01-2024,Calgary,Alberta,-20.7
,01-01-2024,Edmonton,Alberta,-24.2
,01-01-2024,Ottawa,Ontario,-19.9
,01-01-2024,Winnipeg,Manitoba,-16.5
,01-01-2024,Hamilton,Ontario,-12.2
,01-01-2024,Kitchener,Ontario,-9.6
,01-01-2024,Waterloo,Ontario,-2.2
,02-01-2024,Toronto,Ontario,-12.3
,02-01-2024,Vancouver,British Columbia,-12.5
,02-01-2024,Montreal,Quebec,-23.7
,02-01-2024,Calgary,Alberta,-24.1
,02-01-2024,Edmonton,Alberta,-11.2
,02-01-2024,Ottawa,Ontario,-14
,02-01-2024,Winnipeg,Manitoba,-4
,02-01-2024,Hamilton,Ontario,-21
,02-01-2024,Kitchener,Ontario,-24.4
,02-01-2024,Waterloo,Ontario,-13.8
,03-01-2024,Toronto,Ontario,-19.1
,03-01-2024,Vancouver,British Columbia,-23.8
,03-01-2024,Montreal,Quebec,-6.9
,03-01-2024,Calgary,Alberta,-22.2
,03-01-2024,Edmonton,Alberta,-9.8
,03-01-2024,Ottawa,Ontario,-18
,03-01-2024,Winnipeg,Manitoba,-20.7
,03-01-2024,Hamilton,Ontario,-15.5
,03-01-2024,Kitchener,Ontario,-5
,03-01-2024,Waterloo,Ontario,-15.2
,04-01-2024,Toronto,Ontario,-6.2
,04-01-2024,Vancouver,British Columbia,-21.9
,04-01-2024,Montreal,Quebec,-5.7
,04-01-2024,Calgary,Alberta,-19.1
,04-01-2024,Edmonton,Alberta,-8.1
,04-01-2024,Ottawa,Ontario,-10.9
,04-01-2024,Winnipeg,Manitoba,-1.8
,04-01-2024,Hamilton,Ontario,-15.3
,04-01-2024,Kitchener,Ontario,-23.3
,04-01-2024,Waterloo,Ontario,-24.5
,05-01-2024,Toronto,Ontario,-4.3
,05-01-2024,Vancouver,British Columbia,-11.9
,05-01-2024,Montreal,Quebec,-5.6
,05-01-2024,Calgary,Alberta,-19.1
,05-01-2024,Edmonton,Alberta,-16.4
,05-01-2024,Ottawa,Ontario,-24.2
,05-01-2024,Winnipeg,Manitoba,-1
,05-01-2024,Hamilton,Ontario,-8.3
,05-01-2024,Kitchener,Ontario,-1.7
,05-01-2024,Waterloo,Ontario,-18.4
,06-01-2024,Toronto,Ontario,-9.7
,06-01-2024,Vancouver,British Columbia,-8
,06-01-2024,Montreal,Quebec,-17.1
,06-01-2024,Calgary,Alberta,-3.8
,06-01-2024,Edmonton,Alberta,-1.3
,06-01-2024,Ottawa,Ontario,-2.9
,06-01-2024,Winnipeg,Manitoba,-6.5
,06-01-2024,Hamilton,Ontario,-18.1
,06-01-2024,Kitchener,Ontario,-18
,06-01-2024,Waterloo,Ontario,-0.9
,07-01-2024,Toronto,Ontario,-24.7
,07-01-2024,Vancouver,British Columbia,-7.1
,07-01-2024,Montreal,Quebec,-7.3
,07-01-2024,Calgary,Alberta,-9.4
,07-01-2024,Edmonton,Alberta,-0.2
,07-01-2024,Ottawa,Ontario,-17.2
,07-01-2024,Winnipeg,Manitoba,-16.5
,07-01-2024,Hamilton,Ontario,-23
,07-01-2024,Kitchener,Ontario,-13.9
,07-01-2024,Waterloo,Ontario,-18.5
,08-01-2024,Toronto,Ontario,-16.4
,08-01-2024,Vancouver,British Columbia,-4.1
,08-01-2024,Montreal,Quebec,-1.6
,08-01-2024,Calgary,Alberta,-20.4
,08-01-2024,Edmonton,Alberta,-15.7
,08-01-2024,Ottawa,Ontario,-1.8
,08-01-2024,Winnipeg,Manitoba,-23.5
,08-01-2024,Hamilton,Ontario,-22.7
,08-01-2024,Kitchener,Ontario,-20.9
,08-01-2024,Waterloo,Ontario,-10.1
,09-01-2024,Toronto,Ontario,-21.2
,09-01-2024,Vancouver,British Columbia,-0.8
,09-01-2024,Montreal,Quebec,-13.8
,09-01-2024,Calgary,Alberta,-12.5
,09-01-2024,Edmonton,Alberta,-18.8
,09-01-2024,Ottawa,Ontario,-13.2
,09-01-2024,Winnipeg,Manitoba,-8.5
,09-01-2024,Hamilton,Ontario,-6.2
,09-01-2024,Kitchener,Ontario,-6.2
,09-01-2024,Waterloo,Ontario,-10.6
,10-01-2024,Toronto,Ontario,-2.4
,10-01-2024,Vancouver,British Columbia,-4.6
,10-01-2024,Montreal,Quebec,-6.1
,10-01-2024,Calgary,Alberta,-23.6
,10-01-2024,Edmonton,Alberta,-24.8
,10-01-2024,Ottawa,Ontario,-19.7
,10-01-2024,Winnipeg,Manitoba,-8.4
,10-01-2024,Hamilton,Ontario,-14.7
,10-01-2024,Kitchener,Ontario,-14.9
,10-01-2024,Waterloo,Ontario,-2.9
,11-01-2024,Toronto,Ontario,-2.6
,11-01-2024,Vancouver,British Columbia,-2.3
,11-01-2024,Montreal,Quebec,-17.2
,11-01-2024,Calgary,Alberta,-7.7
,11-01-2024,Edmonton,Alberta,-18.2
,11-01-2024,Ottawa,Ontario,-20.2
,11-01-2024,Winnipeg,Manitoba,-20.4
,11-01-2024,Hamilton,Ontario,-16.4
,11-01-2024,Kitchener,Ontario,-14.3
,11-01-2024,Waterloo,Ontario,-4.2
,12-01-2024,Toronto,Ontario,-22
,12-01-2024,Vancouver,British Columbia,-6.6
,12-01-2024,Montreal,Quebec,-11.7
,12-01-2024,Calgary,Alberta,-17.8
,12-01-2024,Edmonton,Alberta,-12.7
,12-01-2024,Ottawa,Ontario,-17.5
,12-01-2024,Winnipeg,Manitoba,-10.1
,12-01-2024,Hamilton,Ontario,-14.2
,12-01-2024,Kitchener,Ontario,-20.9
,12-01-2024,Waterloo,Ontario,-22.1
,13-01-2024,Toronto,Ontario,-11.3
,13-01-2024,Vancouver,British Columbia,-2.4
,13-01-2024,Montreal,Quebec,-16.4
,13-01-2024,Calgary,Alberta,-6.7
,13-01-2024,Edmonton,Alberta,-8.5
,13-01-2024,Ottawa,Ontario,-1.7
,13-01-2024,Winnipeg,Manitoba,-4.5
,13-01-2024,Hamilton,Ontario,-10.8
,13-01-2024,Kitchener,Ontario,-8.6
,13-01-2024,Waterloo,Ontario,-2.5
,14-01-2024,Toronto,Ontario,-15
,14-01-2024,Vancouver,British Columbia,-16.8
,14-01-2024,Montreal,Quebec,-24.7
,14-01-2024,Calgary,Alberta,-4.3
,14-01-2024,Edmonton,Alberta,-5
,14-01-2024,Ottawa,Ontario,-22.4
,14-01-2024,Winnipeg,Manitoba,-10.6
,14-01-2024,Hamilton,Ontario,-13.4
,14-01-2024,Kitchener,Ontario,-22
,14-01-2024,Waterloo,Ontario,-0.5
,15-01-2024,Toronto,Ontario,-19.6
,15-01-2024,Vancouver,British Columbia,-23.3
,15-01-2024,Montreal,Quebec,-10.1
,15-01-2024,Calgary,Alberta,-6.5
,15-01-2024,Edmonton,Alberta,-24.2
,15-01-2024,Ottawa,Ontario,-8.5
,15-01-2024,Winnipeg,Manitoba,-11.7
,15-01-2024,Hamilton,Ontario,-22.4
,15-01-2024,Kitchener,Ontario,-20.7
,15-01-2024,Waterloo,Ontario,-10.8
,16-01-2024,Toronto,Ontario,-17.6
,16-01-2024,Vancouver,British Columbia,-1.5
,16-01-2024,Montreal,Quebec,-4.5
,16-01-2024,Calgary,Alberta,-0.4
,16-01-2024,Edmonton,Alberta,-18.5
,16-01-2024,Ottawa,Ontario,-0.8
,16-01-2024,Winnipeg,Manitoba,-14.2
,16-01-2024,Hamilton,Ontario,-16.3
,16-01-2024,Kitchener,Ontario,-23.7
,16-01-2024,Waterloo,Ontario,-23.7
,17-01-2024,Toronto,Ontario,-7.7
,17-01-2024,Vancouver,British Columbia,-13.6
,17-01-2024,Montreal,Quebec,-19.3
,17-01-2024,Calgary,Alberta,-9.7
,17-01-2024,Edmonton,Alberta,-18.7
,17-01-2024,Ottawa,Ontario,-10.6
,17-01-2024,Winnipeg,Manitoba,-16
,17-01-2024,Hamilton,Ontario,-4.4
,17-01-2024,Kitchener,Ontario,-4.5
,17-01-2024,Waterloo,Ontario,-13.1
,18-01-2024,Toronto,Ontario,-16.2
,18-01-2024,Vancouver,British Columbia,-15.9
,18-01-2024,Montreal,Quebec,-4.9
,18-01-2024,Calgary,Alberta,-16.8
,18-01-2024,Edmonton,Alberta,-19.8
,18-01-2024,Ottawa,Ontario,-22.9
,18-01-2024,Winnipeg,Manitoba,-13.3
,18-01-2024,Hamilton,Ontario,-12.9
,18-01-2024,Kitchener,Ontario,-4
,18-01-2024,Waterloo,Ontario,-19.5
,19-01-2024,Toronto,Ontario,-15.5
,19-01-2024,Vancouver,British Columbia,-4.8
,19-01-2024,Montreal,Quebec,-4.4
,19-01-2024,Calgary,Alberta,-15.4
,19-01-2024,Edmonton,Alberta,-13.5
,19-01-2024,Ottawa,Ontario,-17.4
,19-01-2024,Winnipeg,Manitoba,-1.7
,19-01-2024,Hamilton,Ontario,-22
,19-01-2024,Kitchener,Ontario,-1.7
,19-01-2024,Waterloo,Ontario,-7.9
,20-01-2024,Toronto,Ontario,-11.7
,20-01-2024,Vancouver,British Columbia,-24.2
,20-01-2024,Montreal,Quebec,-13.1
,20-01-2024,Calgary,Alberta,-14.8
,20-01-2024,Edmonton,Alberta,-21
,20-01-2024,Ottawa,Ontario,-8.6
,20-01-2024,Winnipeg,Manitoba,-0.7
,20-01-2024,Hamilton,Ontario,-10.9
,20-01-2024,Kitchener,Ontario,-7.1
,20-01-2024,Waterloo,Ontario,-23.3
,21-01-2024,Toronto,Ontario,-14.6
,21-01-2024,Vancouver,British Columbia,-22.1
,21-01-2024,Montreal,Quebec,-9.7
,21-01-2024,Calgary,Alberta,-1.5
,21-01-2024,Edmonton,Alberta,-8.5
,21-01-2024,Ottawa,Ontario,-23.1
,21-01-2024,Winnipeg,Manitoba,-16.1
,21-01-2024,Hamilton,Ontario,-11.2
,21-01-2024,Kitchener,Ontario,-14.9
,21-01-2024,Waterloo,Ontario,-4.2
,22-01-2024,Toronto,Ontario,-4.6
,22-01-2024,Vancouver,British Columbia,-9.7
,22-01-2024,Montreal,Quebec,-15.7
,22-01-2024,Calgary,Alberta,-18.6
,22-01-2024,Edmonton,Alberta,-22.4
,22-01-2024,Ottawa,Ontario,-16.1
,22-01-2024,Winnipeg,Manitoba,-14.7
,22-01-2024,Hamilton,Ontario,-8.1
,22-01-2024,Kitchener,Ontario,-8.5
,22-01-2024,Waterloo,Ontario,-23.2
,23-01-2024,Toronto,Ontario,-15.1
,23-01-2024,Vancouver,British Columbia,-20.5
,23-01-2024,Montreal,Quebec,-21.1
,23-01-2024,Calgary,Alberta,-4.3
,23-01-2024,Edmonton,Alberta,-24
,23-01-2024,Ottawa,Ontario,-14.5
,23-01-2024,Winnipeg,Manitoba,-20.8
,23-01-2024,Hamilton,Ontario,-3
,23-01-2024,Kitchener,Ontario,-11.1
,23-01-2024,Waterloo,Ontario,-19.2
,24-01-2024,Toronto,Ontario,-12.4
,24-01-2024,Vancouver,British Columbia,-6.7
,24-01-2024,Montreal,Quebec,-1
,24-01-2024,Calgary,Alberta,-19.5
,24-01-2024,Edmonton,Alberta,-2.8
,24-01-2024,Ottawa,Ontario,-1.6
,24-01-2024,Winnipeg,Manitoba,-2.1
,24-01-2024,Hamilton,Ontario,-9.1
,24-01-2024,Kitchener,Ontario,-9.3
,24-01-2024,Waterloo,Ontario,-14.9
,25-01-2024,Toronto,Ontario,-6.2
,25-01-2024,Vancouver,British Columbia,-11.7
,25-01-2024,Montreal,Quebec,-8.1
,25-01-2024,Calgary,Alberta,-14.3
,25-01-2024,Edmonton,Alberta,-6.7
,25-01-2024,Ottawa,Ontario,-4.4
,25-01-2024,Winnipeg,Manitoba,-21.3
,25-01-2024,Hamilton,Ontario,-4.2
,25-01-2024,Kitchener,Ontario,-11.5
,25-01-2024,Waterloo,Ontario,-3.9
,26-01-2024,Toronto,Ontario,-14.2
,26-01-2024,Vancouver,British Columbia,-15.5
,26-01-2024,Montreal,Quebec,-2.1
,26-01-2024,Calgary,Alberta,-18.7
,26-01-2024,Edmonton,Alberta,-3.9
,26-01-2024,Ottawa,Ontario,-12.9
,26-01-2024,Winnipeg,Manitoba,-12.1
,26-01-2024,Hamilton,Ontario,-17.3
,26-01-2024,Kitchener,Ontario,-10.7
,26-01-2024,Waterloo,Ontario,-16.9
,27-01-2024,Toronto,Ontario,-24
,27-01-2024,Vancouver,British Columbia,-18.2
,27-01-2024,Montreal,Quebec,-24.8
,27-01-2024,Calgary,Alberta,-0.5
,27-01-2024,Edmonton,Alberta,-0.9
,27-01-2024,Ottawa,Ontario,-15.1
,27-01-2024,Winnipeg,Manitoba,-6.8
,27-01-2024,Hamilton,Ontario,-16.4
,27-01-2024,Kitchener,Ontario,-8.2
,27-01-2024,Waterloo,Ontario,-4.9
,28-01-2024,Toronto,Ontario,-1.3
,28-01-2024,Vancouver,British Columbia,-15
,28-01-2024,Montreal,Quebec,-5.4
,28-01-2024,Calgary,Alberta,-18.4
,28-01-2024,Edmonton,Alberta,-0.2
,28-01-2024,Ottawa,Ontario,-24.4
,28-01-2024,Winnipeg,Manitoba,-9.9
,28-01-2024,Hamilton,Ontario,-8.5
,28-01-2024,Kitchener,Ontario,-7.8
,28-01-2024,Waterloo,Ontario,-22
,29-01-2024,Toronto,Ontario,-1.5
,29-01-2024,Vancouver,British Columbia,-20.5
,29-01-2024,Montreal,Quebec,-9.4
,29-01-2024,Calgary,Alberta,-19.4
,29-01-2024,Edmonton,Alberta,-17.3
,29-01-2024,Ottawa,Ontario,-11.3
,29-01-2024,Winnipeg,Manitoba,-14.6
,29-01-2024,Hamilton,Ontario,-21
,29-01-2024,Kitchener,Ontario,-20.7
,29-01-2024,Waterloo,Ontario,-14.5
,30-01-2024,Toronto,Ontario,-6.1
,30-01-2024,Vancouver,British Columbia,-2.6
,30-01-2024,Montreal,Quebec,-22.9
,30-01-2024,Calgary,Alberta,-15.2
,30-01-2024,Edmonton,Alberta,-22.5
,30-01-2024,Ottawa,Ontario,-24.6
,30-01-2024,Winnipeg,Manitoba,-8.5
,30-01-2024,Hamilton,Ontario,-9.9
,30-01-2024,Kitchener,Ontario,-20.9
,30-01-2024,Waterloo,Ontario,-19.2
,31-01-2024,Toronto,Ontario,-24.4
,31-01-2024,Vancouver,British Columbia,-4.1
,31-01-2024,Montreal,Quebec,-0.6
,31-01-2024,Calgary,Alberta,-21.6
,31-01-2024,Edmonton,Alberta,-19.2
,31-01-2024,Ottawa,Ontario,-3.3
,31-01-2024,Winnipeg,Manitoba,-1.8
,31-01-2024,Hamilton,Ontario,-14.5
,31-01-2024,Kitchener,Ontario,-23.7
,31-01-2024,Waterloo,Ontario,-24
,01-02-2024,Toronto,Ontario,-10.7
,01-02-2024,Vancouver,British Columbia,-15.2
,01-02-2024,Montreal,Quebec,-24.3
,01-02-2024,Calgary,Alberta,-10.4
,01-02-2024,Edmonton,Alberta,-24.7
,01-02-2024,Ottawa,Ontario,-5.3
,01-02-2024,Winnipeg,Manitoba,-17.3
,01-02-2024,Hamilton,Ontario,-24
,01-02-2024,Kitchener,Ontario,-10.3
,01-02-2024,Waterloo,Ontario,-15.1
,02-02-2024,Toronto,Ontario,-0.7
,02-02-2024,Vancouver,British Columbia,-11.4
,02-02-2024,Montreal,Quebec,-18.1
,02-02-2024,Calgary,Alberta,-7.3
,02-02-2024,Edmonton,Alberta,-18.2
,02-02-2024,Ottawa,Ontario,-2.4
,02-02-2024,Winnipeg,Manitoba,-15.6
,02-02-2024,Hamilton,Ontario,-11.3
,02-02-2024,Kitchener,Ontario,-23.7
,02-02-2024,Waterloo,Ontario,-14.3
,03-02-2024,Toronto,Ontario,-4.2
,03-02-2024,Vancouver,British Columbia,-4.9
,03-02-2024,Montreal,Quebec,-19.4
,03-02-2024,Calgary,Alberta,-19.3
,03-02-2024,Edmonton,Alberta,-4.6
,03-02-2024,Ottawa,Ontario,-1.7
,03-02-2024,Winnipeg,Manitoba,-22.6
,03-02-2024,Hamilton,Ontario,-13.7
,03-02-2024,Kitchener,Ontario,-16.6
,03-02-2024,Waterloo,Ontario,-3.2
,04-02-2024,Toronto,Ontario,-22.9
,04-02-2024,Vancouver,British Columbia,-19.7
,04-02-2024,Montreal,Quebec,-6.2
,04-02-2024,Calgary,Alberta,-23.7
,04-02-2024,Edmonton,Alberta,-12.7
,04-02-2024,Ottawa,Ontario,-13.9
,04-02-2024,Winnipeg,Manitoba,-16.6
,04-02-2024,Hamilton,Ontario,-15.1
,04-02-2024,Kitchener,Ontario,-11.8
,04-02-2024,Waterloo,Ontario,-21
,05-02-2024,Toronto,Ontario,-10.7
,05-02-2024,Vancouver,British Columbia,-4.9
,05-02-2024,Montreal,Quebec,-6
,05-02-2024,Calgary,Alberta,-21.2
,05-02-2024,Edmonton,Alberta,-21.3
,05-02-2024,Ottawa,Ontario,-18.3
,05-02-2024,Winnipeg,Manitoba,-16
,05-02-2024,Hamilton,Ontario,-14.8
,05-02-2024,Kitchener,Ontario,-8
,05-02-2024,Waterloo,Ontario,-23.6
,06-02-2024,Toronto,Ontario,-24.1
,06-02-2024,Vancouver,British Columbia,-15.2
,06-02-2024,Montreal,Quebec,-7.6
,06-02-2024,Calgary,Alberta,-20.2
,06-02-2024,Edmonton,Alberta,-9
,06-02-2024,Ottawa,Ontario,-18.5
,06-02-2024,Winnipeg,Manitoba,-2.8
,06-02-2024,Hamilton,Ontario,-2.6
,06-02-2024,Kitchener,Ontario,-17.6
,06-02-2024,Waterloo,Ontario,-19.3
,07-02-2024,Toronto,Ontario,-14.7
,07-02-2024,Vancouver,British Columbia,-19
,07-02-2024,Montreal,Quebec,-8.2
,07-02-2024,Calgary,Alberta,-4.3
,07-02-2024,Edmonton,Alberta,-8.2
,07-02-2024,Ottawa,Ontario,-4.4
,07-02-2024,Winnipeg,Manitoba,-15.1
,07-02-2024,Hamilton,Ontario,-21.1
,07-02-2024,Kitchener,Ontario,-6.6
,07-02-2024,Waterloo,Ontario,-16
,08-02-2024,Toronto,Ontario,-8.2
,08-02-2024,Vancouver,British Columbia,-18.2
,08-02-2024,Montreal,Quebec,-23
,08-02-2024,Calgary,Alberta,-0.2
,08-02-2024,Edmonton,Alberta,-21.1
,08-02-2024,Ottawa,Ontario,-0.3
,08-02-2024,Winnipeg,Manitoba,-0.6
,08-02-2024,Hamilton,Ontario,-5.2
,08-02-2024,Kitchener,Ontario,-8.5
,08-02-2024,Waterloo,Ontario,-10.6
,09-02-2024,Toronto,Ontario,-3.3
,09-02-2024,Vancouver,British Columbia,-17.8
,09-02-2024,Montreal,Quebec,-13.3
,09-02-2024,Calgary,Alberta,-9.5
,09-02-2024,Edmonton,Alberta,-14.7
,09-02-2024,Ottawa,Ontario,-14.3
,09-02-2024,Winnipeg,Manitoba,-16.7
,09-02-2024,Hamilton,Ontario,-10.9
,09-02-2024,Kitchener,Ontario,-3.7
,09-02-2024,Waterloo,Ontario,-20
,10-02-2024,Toronto,Ontario,-1.6
,10-02-2024,Vancouver,British Columbia,-7.8
,10-02-2024,Montreal,Quebec,-4.4
,10-02-2024,Calgary,Alberta,-11.1
,10-02-2024,Edmonton,Alberta,-5.5
,10-02-2024,Ottawa,Ontario,-24.6
,10-02-2024,Winnipeg,Manitoba,-4.5
,10-02-2024,Hamilton,Ontario,-24
,10-02-2024,Kitchener,Ontario,-2.8
,10-02-2024,Waterloo,Ontario,-0.2
,11-02-2024,Toronto,Ontario,-17.6
,11-02-2024,Vancouver,British Columbia,-19.7
,11-02-2024,Montreal,Quebec,-5.9
,11-02-2024,Calgary,Alberta,-18.7
,11-02-2024,Edmonton,Alberta,-3.4
,11-02-2024,Ottawa,Ontario,-22.4
,11-02-2024,Winnipeg,Manitoba,-21.9
,11-02-2024,Hamilton,Ontario,-0.5
,11-02-2024,Kitchener,Ontario,-8.2
,11-02-2024,Waterloo,Ontario,-3.8
,12-02-2024,Toronto,Ontario,-16.9
,12-02-2024,Vancouver,British Columbia,-8.1
,12-02-2024,Montreal,Quebec,-10.1
,12-02-2024,Calgary,Alberta,-9.9
,12-02-2024,Edmonton,Alberta,-7.9
,12-02-2024,Ottawa,Ontario,-10.6
,12-02-2024,Winnipeg,Manitoba,-14.3
,12-02-2024,Hamilton,Ontario,-18.1
,12-02-2024,Kitchener,Ontario,-5.8
,12-02-2024,Waterloo,Ontario,-19.3
,13-02-2024,Toronto,Ontario,-7.7
,13-02-2024,Vancouver,British Columbia,-19.2
,13-02-2024,Montreal,Quebec,-9.4
,13-02-2024,Calgary,Alberta,-6.3
,13-02-2024,Edmonton,Alberta,-19.5
,13-02-2024,Ottawa,Ontario,-23.5
,13-02-2024,Winnipeg,Manitoba,-21.7
,13-02-2024,Hamilton,Ontario,-9.9
,13-02-2024,Kitchener,Ontario,-3.8
,13-02-2024,Waterloo,Ontario,-23.9
,14-02-2024,Toronto,Ontario,-6.6
,14-02-2024,Vancouver,British Columbia,-16.5
,14-02-2024,Montreal,Quebec,-13
,14-02-2024,Calgary,Alberta,-1.8
,14-02-2024,Edmonton,Alberta,-16.7
,14-02-2024,Ottawa,Ontario,-13.4
,14-02-2024,Winnipeg,Manitoba,-24.7
,14-02-2024,Hamilton,Ontario,-23
,14-02-2024,Kitchener,Ontario,-18.5
,14-02-2024,Waterloo,Ontario,-24.3
,15-02-2024,Toronto,Ontario,-9.2
,15-02-2024,Vancouver,British Columbia,-14.3
,15-02-2024,Montreal,Quebec,-11.3
,15-02-2024,Calgary,Alberta,-20.6
,15-02-2024,Edmonton,Alberta,-17.6
,15-02-2024,Ottawa,Ontario,-8.4
,15-02-2024,Winnipeg,Manitoba,-0.9
,15-02-2024,Hamilton,Ontario,-23.7
,15-02-2024,Kitchener,Ontario,-2.7
,15-02-2024,Waterloo,Ontario,-10.6
,16-02-2024,Toronto,Ontario,-10.9
,16-02-2024,Vancouver,British Columbia,-12.5
,16-02-2024,Montreal,Quebec,-23.3
,16-02-2024,Calgary,Alberta,-22.8
,16-02-2024,Edmonton,Alberta,-10
,16-02-2024,Ottawa,Ontario,-16.5
,16-02-2024,Winnipeg,Manitoba,-2.1
,16-02-2024,Hamilton,Ontario,-14.8
,16-02-2024,Kitchener,Ontario,-21.4
,16-02-2024,Waterloo,Ontario,-7.1
,17-02-2024,Toronto,Ontario,-17.7
,17-02-2024,Vancouver,British Columbia,-11.9
,17-02-2024,Montreal,Quebec,-7.6
,17-02-2024,Calgary,Alberta,-2.5
,17-02-2024,Edmonton,Alberta,-5.2
,17-02-2024,Ottawa,Ontario,-8.1
,17-02-2024,Winnipeg,Manitoba,-8
,17-02-2024,Hamilton,Ontario,-1.4
,17-02-2024,Kitchener,Ontario,-17.6
,17-02-2024,Waterloo,Ontario,-25
,18-02-2024,Toronto,Ontario,-18.2
,18-02-2024,Vancouver,British Columbia,-19.6
,18-02-2024,Montreal,Quebec,-8.5
,18-02-2024,Calgary,Alberta,-9.2
,18-02-2024,Edmonton,Alberta,-10.2
,18-02-2024,Ottawa,Ontario,-24.6
,18-02-2024,Winnipeg,Manitoba,-6.8
,18-02-2024,Hamilton,Ontario,-16.9
,18-02-2024,Kitchener,Ontario,-8.4
,18-02-2024,Waterloo,Ontario,-11.1
,19-02-2024,Toronto,Ontario,-16.4
,19-02-2024,Vancouver,British Columbia,-21.6
,19-02-2024,Montreal,Quebec,-22.6
,19-02-2024,Calgary,Alberta,-4.2
,19-02-2024,Edmonton,Alberta,-2
,19-02-2024,Ottawa,Ontario,-8.8
,19-02-2024,Winnipeg,Manitoba,-22.4
,19-02-2024,Hamilton,Ontario,-14.9
,19-02-2024,Kitchener,Ontario,-6.8
,19-02-2024,Waterloo,Ontario,-5.5
,20-02-2024,Toronto,Ontario,-22
,20-02-2024,Vancouver,British Columbia,-25
,20-02-2024,Montreal,Quebec,-7.2
,20-02-2024,Calgary,Alberta,-16.1
,20-02-2024,Edmonton,Alberta,-18.6
,20-02-2024,Ottawa,Ontario,-24.7
,20-02-2024,Winnipeg,Manitoba,-11.5
,20-02-2024,Hamilton,Ontario,-3.7
,20-02-2024,Kitchener,Ontario,-1.1
,20-02-2024,Waterloo,Ontario,-10.9
,21-02-2024,Toronto,Ontario,-12.1
,21-02-2024,Vancouver,British Columbia,-22.9
,21-02-2024,Montreal,Quebec,-11.3
,21-02-2024,Calgary,Alberta,-15.5
,21-02-2024,Edmonton,Alberta,-9.8
,21-02-2024,Ottawa,Ontario,-15.3
,21-02-2024,Winnipeg,Manitoba,-19
,21-02-2024,Hamilton,Ontario,-22.6
,21-02-2024,Kitchener,Ontario,-17.1
,21-02-2024,Waterloo,Ontario,-22.6
,22-02-2024,Toronto,Ontario,-20.6
,22-02-2024,Vancouver,British Columbia,-0.3
,22-02-2024,Montreal,Quebec,-13.9
,22-02-2024,Calgary,Alberta,-11.7
,22-02-2024,Edmonton,Alberta,-3.2
,22-02-2024,Ottawa,Ontario,-0.1
,22-02-2024,Winnipeg,Manitoba,-10.4
,22-02-2024,Hamilton,Ontario,-4.7
,22-02-2024,Kitchener,Ontario,-16.8
,22-02-2024,Waterloo,Ontario,-17.4
,23-02-2024,Toronto,Ontario,-14.9
,23-02-2024,Vancouver,British Columbia,-8.2
,23-02-2024,Montreal,Quebec,-7.9
,23-02-2024,Calgary,Alberta,-17.1
,23-02-2024,Edmonton,Alberta,-21.7
,23-02-2024,Ottawa,Ontario,-9.2
,23-02-2024,Winnipeg,Manitoba,-21.8
,23-02-2024,Hamilton,Ontario,-10.5
,23-02-2024,Kitchener,Ontario,-7.7
,23-02-2024,Waterloo,Ontario,-7.5
,24-02-2024,Toronto,Ontario,-6.2
,24-02-2024,Vancouver,British Columbia,-3.2
,24-02-2024,Montreal,Quebec,-12.5
,24-02-2024,Calgary,Alberta,-6.7
,24-02-2024,Edmonton,Alberta,-9.5
,24-02-2024,Ottawa,Ontario,-20.3
,24-02-2024,Winnipeg,Manitoba,-24.4
,24-02-2024,Hamilton,Ontario,-17.9
,24-02-2024,Kitchener,Ontario,-13.9
,24-02-2024,Waterloo,Ontario,-9.6
,25-02-2024,Toronto,Ontario,-3.8
,25-02-2024,Vancouver,British Columbia,-20.1
,25-02-2024,Montreal,Quebec,-21.9
,25-02-2024,Calgary,Alberta,-0.9
,25-02-2024,Edmonton,Alberta,-22.3
,25-02-2024,Ottawa,Ontario,-13
,25-02-2024,Winnipeg,Manitoba,-10.4
,25-02-2024,Hamilton,Ontario,-11.5
,25-02-2024,Kitchener,Ontario,-22.8
,25-02-2024,Waterloo,Ontario,-23.6
,26-02-2024,Toronto,Ontario,-22.4
,26-02-2024,Vancouver,British Columbia,-10.4
,26-02-2024,Montreal,Quebec,-11.4
,26-02-2024,Calgary,Alberta,-19.2
,26-02-2024,Edmonton,Alberta,-9.1
,26-02-2024,Ottawa,Ontario,-4.5
,26-02-2024,Winnipeg,Manitoba,-24
,26-02-2024,Hamilton,Ontario,-12.5
,26-02-2024,Kitchener,Ontario,-7.8
,26-02-2024,Waterloo,Ontario,-18.7
,27-02-2024,Toronto,Ontario,-17.3
,27-02-2024,Vancouver,British Columbia,-9.7
,27-02-2024,Montreal,Quebec,-2.6
,27-02-2024,Calgary,Alberta,-4.8
,27-02-2024,Edmonton,Alberta,-10.4
,27-02-2024,Ottawa,Ontario,-6.7
,27-02-2024,Winnipeg,Manitoba,-15.9
,27-02-2024,Hamilton,Ontario,-9
,27-02-2024,Kitchener,Ontario,-13.3
,27-02-2024,Waterloo,Ontario,-20.3
,28-02-2024,Toronto,Ontario,-7.5
,28-02-2024,Vancouver,British Columbia,-11.1
,28-02-2024,Montreal,Quebec,-16
,28-02-2024,Calgary,Alberta,-2.2
,28-02-2024,Edmonton,Alberta,-24.5
,28-02-2024,Ottawa,Ontario,-17.1
,28-02-2024,Winnipeg,Manitoba,-23.6
,28-02-2024,Hamilton,Ontario,-5.8
,28-02-2024,Kitchener,Ontario,-7.4
,28-02-2024,Waterloo,Ontario,-16.7
,29-02-2024,Toronto,Ontario,-8.1
,29-02-2024,Vancouver,British Columbia,-15.1
,29-02-2024,Montreal,Quebec,-6.1
,29-02-2024,Calgary,Alberta,-13.6
,29-02-2024,Edmonton,Alberta,-14.7
,29-02-2024,Ottawa,Ontario,-1.6
,29-02-2024,Winnipeg,Manitoba,-18.7
,29-02-2024,Hamilton,Ontario,-22
,29-02-2024,Kitchener,Ontario,-10.4
,29-02-2024,Waterloo,Ontario,-0.8
,01-03-2024,Toronto,Ontario,5.7
,01-03-2024,Vancouver,British Columbia,0.9
,01-03-2024,Montreal,Quebec,5.1
,01-03-2024,Calgary,Alberta,7.6
,01-03-2024,Edmonton,Alberta,2.4
,01-03-2024,Ottawa,Ontario,9.9
,01-03-2024,Winnipeg,Manitoba,15
,01-03-2024,Hamilton,Ontario,6.8
,01-03-2024,Kitchener,Ontario,5.3
,01-03-2024,Waterloo,Ontario,6
,02-03-2024,Toronto,Ontario,1.7
,02-03-2024,Vancouver,British Columbia,13.2
,02-03-2024,Montreal,Quebec,6.2
,02-03-2024,Calgary,Alberta,5.8
,02-03-2024,Edmonton,Alberta,9.9
,02-03-2024,Ottawa,Ontario,6.6
,02-03-2024,Winnipeg,Manitoba,9.7
,02-03-2024,Hamilton,Ontario,0.9
,02-03-2024,Kitchener,Ontario,12.2
,02-03-2024,Waterloo,Ontario,14.1
,03-03-2024,Toronto,Ontario,9.7
,03-03-2024,Vancouver,British Columbia,14.3
,03-03-2024,Montreal,Quebec,2.3
,03-03-2024,Calgary,Alberta,7.2
,03-03-2024,Edmonton,Alberta,9
,03-03-2024,Ottawa,Ontario,8.7
,03-03-2024,Winnipeg,Manitoba,6
,03-03-2024,Hamilton,Ontario,5.1
,03-03-2024,Kitchener,Ontario,1.9
,03-03-2024,Waterloo,Ontario,5.9
,04-03-2024,Toronto,Ontario,2.4
,04-03-2024,Vancouver,British Columbia,11
,04-03-2024,Montreal,Quebec,3.1
,04-03-2024,Calgary,Alberta,0.9
,04-03-2024,Edmonton,Alberta,8.3
,04-03-2024,Ottawa,Ontario,8.9
,04-03-2024,Winnipeg,Manitoba,13.1
,04-03-2024,Hamilton,Ontario,8.7
,04-03-2024,Kitchener,Ontario,5.2
,04-03-2024,Waterloo,Ontario,12
,05-03-2024,Toronto,Ontario,8.1
,05-03-2024,Vancouver,British Columbia,1.2
,05-03-2024,Montreal,Quebec,8.5
,05-03-2024,Calgary,Alberta,13.6
,05-03-2024,Edmonton,Alberta,5.9
,05-03-2024,Ottawa,Ontario,4.4
,05-03-2024,Winnipeg,Manitoba,2.2
,05-03-2024,Hamilton,Ontario,2.3
,05-03-2024,Kitchener,Ontario,6.5
,05-03-2024,Waterloo,Ontario,8.9
,06-03-2024,Toronto,Ontario,1.2
,06-03-2024,Vancouver,British Columbia,14.1
,06-03-2024,Montreal,Quebec,11.3
,06-03-2024,Calgary,Alberta,8.8
,06-03-2024,Edmonton,Alberta,12.4
,06-03-2024,Ottawa,Ontario,1.2
,06-03-2024,Winnipeg,Manitoba,7.2
,06-03-2024,Hamilton,Ontario,9.5
,06-03-2024,Kitchener,Ontario,12.4
,06-03-2024,Waterloo,Ontario,11.8
,07-03-2024,Toronto,Ontario,4.2
,07-03-2024,Vancouver,British Columbia,14.1
,07-03-2024,Montreal,Quebec,1.9
,07-03-2024,Calgary,Alberta,13.1
,07-03-2024,Edmonton,Alberta,14.6
,07-03-2024,Ottawa,Ontario,2.7
,07-03-2024,Winnipeg,Manitoba,10.8
,07-03-2024,Hamilton,Ontario,0.6
,07-03-2024,Kitchener,Ontario,6.1
,07-03-2024,Waterloo,Ontario,7.7
,08-03-2024,Toronto,Ontario,8.7
,08-03-2024,Vancouver,British Columbia,14
,08-03-2024,Montreal,Quebec,10.1
,08-03-2024,Calgary,Alberta,7.2
,08-03-2024,Edmonton,Alberta,12.1
,08-03-2024,Ottawa,Ontario,14.3
,08-03-2024,Winnipeg,Manitoba,0.3
,08-03-2024,Hamilton,Ontario,14.7
,08-03-2024,Kitchener,Ontario,1.3
,08-03-2024,Waterloo,Ontario,12.2
,09-03-2024,Toronto,Ontario,4.2
,09-03-2024,Vancouver,British Columbia,2
,09-03-2024,Montreal,Quebec,6.6
,09-03-2024,Calgary,Alberta,9.7
,09-03-2024,Edmonton,Alberta,5.7
,09-03-2024,Ottawa,Ontario,0.8
,09-03-2024,Winnipeg,Manitoba,9
,09-03-2024,Hamilton,Ontario,13.5
,09-03-2024,Kitchener,Ontario,5.7
,09-03-2024,Waterloo,Ontario,3.2
,10-03-2024,Toronto,Ontario,6.6
,10-03-2024,Vancouver,British Columbia,0.7
,10-03-2024,Montreal,Quebec,12.3
,10-03-2024,Calgary,Alberta,12.4
,10-03-2024,Edmonton,Alberta,8.8
,10-03-2024,Ottawa,Ontario,5.3
,10-03-2024,Winnipeg,Manitoba,12
,10-03-2024,Hamilton,Ontario,8.3
,10-03-2024,Kitchener,Ontario,12.4
,10-03-2024,Waterloo,Ontario,9.5
,11-03-2024,Toronto,Ontario,11.8
,11-03-2024,Vancouver,British Columbia,9
,11-03-2024,Montreal,Quebec,6.2
,11-03-2024,Calgary,Alberta,14.4
,11-03-2024,Edmonton,Alberta,8.1
,11-03-2024,Ottawa,Ontario,9.1
,11-03-2024,Winnipeg,Manitoba,3.3
,11-03-2024,Hamilton,Ontario,9.4
,11-03-2024,Kitchener,Ontario,8.6
,11-03-2024,Waterloo,Ontario,2.8
,12-03-2024,Toronto,Ontario,0.9
,12-03-2024,Vancouver,British Columbia,9.1
,12-03-2024,Montreal,Quebec,11.5
,12-03-2024,Calgary,Alberta,7.9
,12-03-2024,Edmonton,Alberta,3.4
,12-03-2024,Ottawa,Ontario,10
,12-03-2024,Winnipeg,Manitoba,1.2
,12-03-2024,Hamilton,Ontario,6.6
,12-03-2024,Kitchener,Ontario,2.5
,12-03-2024,Waterloo,Ontario,2.8
,13-03-2024,Toronto,Ontario,3
,13-03-2024,Vancouver,British Columbia,5.8
,13-03-2024,Montreal,Quebec,0.8
,13-03-2024,Calgary,Alberta,6
,13-03-2024,Edmonton,Alberta,7.7
,13-03-2024,Ottawa,Ontario,7.2
,13-03-2024,Winnipeg,Manitoba,5.7
,13-03-2024,Hamilton,Ontario,12.6
,13-03-2024,Kitchener,Ontario,2.2
,13-03-2024,Waterloo,Ontario,7.6
,14-03-2024,Toronto,Ontario,0.9
,14-03-2024,Vancouver,British Columbia,1.1
,14-03-2024,Montreal,Quebec,8.6
,14-03-2024,Calgary,Alberta,8.5
,14-03-2024,Edmonton,Alberta,13.2
,14-03-2024,Ottawa,Ontario,8.4
,14-03-2024,Winnipeg,Manitoba,14.4
,14-03-2024,Hamilton,Ontario,0.7
,14-03-2024,Kitchener,Ontario,1.5
,14-03-2024,Waterloo,Ontario,0.7
,15-03-2024,Toronto,Ontario,2.8
,15-03-2024,Vancouver,British Columbia,8.1
,15-03-2024,Montreal,Quebec,9.7
,15-03-2024,Calgary,Alberta,0.7
,15-03-2024,Edmonton,Alberta,14.2
,15-03-2024,Ottawa,Ontario,12.6
,15-03-2024,Winnipeg,Manitoba,4.4
,15-03-2024,Hamilton,Ontario,1.2
,15-03-2024,Kitchener,Ontario,2.5
,15-03-2024,Waterloo,Ontario,1.9
,16-03-2024,Toronto,Ontario,1.8
,16-03-2024,Vancouver,British Columbia,7.8
,16-03-2024,Montreal,Quebec,3.7
,16-03-2024,Calgary,Alberta,5.4
,16-03-2024,Edmonton,Alberta,14.8
,16-03-2024,Ottawa,Ontario,10.3
,16-03-2024,Winnipeg,Manitoba,14.2
,16-03-2024,Hamilton,Ontario,2.1
,16-03-2024,Kitchener,Ontario,5.7
,16-03-2024,Waterloo,Ontario,8.3
,17-03-2024,Toronto,Ontario,1.2
,17-03-2024,Vancouver,British Columbia,0.1
,17-03-2024,Montreal,Quebec,10.1
,17-03-2024,Calgary,Alberta,9.6
,17-03-2024,Edmonton,Alberta,6.2
,17-03-2024,Ottawa,Ontario,7.3
,17-03-2024,Winnipeg,Manitoba,6.2
,17-03-2024,Hamilton,Ontario,0.4
,17-03-2024,Kitchener,Ontario,5
,17-03-2024,Waterloo,Ontario,2.7
,18-03-2024,Toronto,Ontario,1.5
,18-03-2024,Vancouver,British Columbia,14.4
,18-03-2024,Montreal,Quebec,9
,18-03-2024,Calgary,Alberta,10.9
,18-03-2024,Edmonton,Alberta,4.7
,18-03-2024,Ottawa,Ontario,5.9
,18-03-2024,Winnipeg,Manitoba,3.6
,18-03-2024,Hamilton,Ontario,1.5
,18-03-2024,Kitchener,Ontario,2.7
,18-03-2024,Waterloo,Ontario,12
,19-03-2024,Toronto,Ontario,10.2
,19-03-2024,Vancouver,British Columbia,8.2
,19-03-2024,Montreal,Quebec,7.1
,19-03-2024,Calgary,Alberta,13.8
,19-03-2024,Edmonton,Alberta,1.1
,19-03-2024,Ottawa,Ontario,4.2
,19-03-2024,Winnipeg,Manitoba,5.2
,19-03-2024,Hamilton,Ontario,11.7
,19-03-2024,Kitchener,Ontario,14.9
,19-03-2024,Waterloo,Ontario,3.6
,20-03-2024,Toronto,Ontario,13.1
,20-03-2024,Vancouver,British Columbia,12.5
,20-03-2024,Montreal,Quebec,3.4
,20-03-2024,Calgary,Alberta,6
,20-03-2024,Edmonton,Alberta,6.1
,20-03-2024,Ottawa,Ontario,14.7
,20-03-2024,Winnipeg,Manitoba,2.7
,20-03-2024,Hamilton,Ontario,12
,20-03-2024,Kitchener,Ontario,5
,20-03-2024,Waterloo,Ontario,11
,21-03-2024,Toronto,Ontario,6.3
,21-03-2024,Vancouver,British Columbia,8.7
,21-03-2024,Montreal,Quebec,12.5
,21-03-2024,Calgary,Alberta,12.1
,21-03-2024,Edmonton,Alberta,13
,21-03-2024,Ottawa,Ontario,0.9
,21-03-2024,Winnipeg,Manitoba,10.4
,21-03-2024,Hamilton,Ontario,2.1
,21-03-2024,Kitchener,Ontario,6.2
,21-03-2024,Waterloo,Ontario,8.2
,22-03-2024,Toronto,Ontario,6
,22-03-2024,Vancouver,British Columbia,7.8
,22-03-2024,Montreal,Quebec,14.9
,22-03-2024,Calgary,Alberta,2
,22-03-2024,Edmonton,Alberta,10.1
,22-03-2024,Ottawa,Ontario,5.9
,22-03-2024,Winnipeg,Manitoba,2
,22-03-2024,Hamilton,Ontario,2.4
,22-03-2024,Kitchener,Ontario,14.2
,22-03-2024,Waterloo,Ontario,13.2
,23-03-2024,Toronto,Ontario,13.6
,23-03-2024,Vancouver,British Columbia,14.9
,23-03-2024,Montreal,Quebec,3.1
,23-03-2024,Calgary,Alberta,5.3
,23-03-2024,Edmonton,Alberta,10
,23-03-2024,Ottawa,Ontario,7.3
,23-03-2024,Winnipeg,Manitoba,6.3
,23-03-2024,Hamilton,Ontario,5.4
,23-03-2024,Kitchener,Ontario,8.9
,23-03-2024,Waterloo,Ontario,8.6
,24-03-2024,Toronto,Ontario,2.4
,24-03-2024,Vancouver,British Columbia,7.1
,24-03-2024,Montreal,Quebec,8.3
,24-03-2024,Calgary,Alberta,8.6
,24-03-2024,Edmonton,Alberta,3.2
,24-03-2024,Ottawa,Ontario,11.1
,24-03-2024,Winnipeg,Manitoba,0.4
,24-03-2024,Hamilton,Ontario,5.3
,24-03-2024,Kitchener,Ontario,11.7
,24-03-2024,Waterloo,Ontario,8.5
,25-03-2024,Toronto,Ontario,3.9
,25-03-2024,Vancouver,British Columbia,10.4
,25-03-2024,Montreal,Quebec,8.5
,25-03-2024,Calgary,Alberta,11.9
,25-03-2024,Edmonton,Alberta,11
,25-03-2024,Ottawa,Ontario,9.2
,25-03-2024,Winnipeg,Manitoba,7.3
,25-03-2024,Hamilton,Ontario,2
,25-03-2024,Kitchener,Ontario,3.9
,25-03-2024,Waterloo,Ontario,6.3
,26-03-2024,Toronto,Ontario,9
,26-03-2024,Vancouver,British Columbia,7.7
,26-03-2024,Montreal,Quebec,4.3
,26-03-2024,Calgary,Alberta,0.1
,26-03-2024,Edmonton,Alberta,7.4
,26-03-2024,Ottawa,Ontario,4.3
,26-03-2024,Winnipeg,Manitoba,11
,26-03-2024,Hamilton,Ontario,0.4
,26-03-2024,Kitchener,Ontario,8.8
,26-03-2024,Waterloo,Ontario,14.1
,27-03-2024,Toronto,Ontario,2.6
,27-03-2024,Vancouver,British Columbia,7.1
,27-03-2024,Montreal,Quebec,1.4
,27-03-2024,Calgary,Alberta,9.4
,27-03-2024,Edmonton,Alberta,8.3
,27-03-2024,Ottawa,Ontario,6.1
,27-03-2024,Winnipeg,Manitoba,7.8
,27-03-2024,Hamilton,Ontario,13.4
,27-03-2024,Kitchener,Ontario,2.9
,27-03-2024,Waterloo,Ontario,0.3
,28-03-2024,Toronto,Ontario,12.9
,28-03-2024,Vancouver,British Columbia,8.7
,28-03-2024,Montreal,Quebec,13.4
,28-03-2024,Calgary,Alberta,9
,28-03-2024,Edmonton,Alberta,12.2
,28-03-2024,Ottawa,Ontario,6.4
,28-03-2024,Winnipeg,Manitoba,11.2
,28-03-2024,Hamilton,Ontario,13.7
,28-03-2024,Kitchener,Ontario,8.6
,28-03-2024,Waterloo,Ontario,2.7
,29-03-2024,Toronto,Ontario,4
,29-03-2024,Vancouver,British Columbia,3
,29-03-2024,Montreal,Quebec,3.7
,29-03-2024,Calgary,Alberta,4.6
,29-03-2024,Edmonton,Alberta,8.3
,29-03-2024,Ottawa,Ontario,8.8
,29-03-2024,Winnipeg,Manitoba,6.4
,29-03-2024,Hamilton,Ontario,9.2
,29-03-2024,Kitchener,Ontario,1.2
,29-03-2024,Waterloo,Ontario,1.3
,30-03-2024,Toronto,Ontario,2.6
,30-03-2024,Vancouver,British Columbia,7.8
,30-03-2024,Montreal,Quebec,3.2
,30-03-2024,Calgary,Alberta,4.2
,30-03-2024,Edmonton,Alberta,6
,30-03-2024,Ottawa,Ontario,12.2
,30-03-2024,Winnipeg,Manitoba,0.2
,30-03-2024,Hamilton,Ontario,9.7
,30-03-2024,Kitchener,Ontario,10
,30-03-2024,Waterloo,Ontario,12
,31-03-2024,Toronto,Ontario,14
,31-03-2024,Vancouver,British Columbia,0.3
,31-03-2024,Montreal,Quebec,2.3
,31-03-2024,Calgary,Alberta,13.3
,31-03-2024,Edmonton,Alberta,6.9
,31-03-2024,Ottawa,Ontario,8.5
,31-03-2024,Winnipeg,Manitoba,9.9
,31-03-2024,Hamilton,Ontario,10.2
,31-03-2024,Kitchener,Ontario,14
,31-03-2024,Waterloo,Ontario,15
,01-04-2024,Toronto,Ontario,10.8
,01-04-2024,Vancouver,British Columbia,4.3
,01-04-2024,Montreal,Quebec,13.2
,01-04-2024,Calgary,Alberta,0.7
,01-04-2024,Edmonton,Alberta,3.5
,01-04-2024,Ottawa,Ontario,13.5
,01-04-2024,Winnipeg,Manitoba,3.8
,01-04-2024,Hamilton,Ontario,3.3
,01-04-2024,Kitchener,Ontario,2.1
,01-04-2024,Waterloo,Ontario,12.9
,02-04-2024,Toronto,Ontario,7.5
,02-04-2024,Vancouver,British Columbia,10.1
,02-04-2024,Montreal,Quebec,3.6
,02-04-2024,Calgary,Alberta,11.4
,02-04-2024,Edmonton,Alberta,11.4
,02-04-2024,Ottawa,Ontario,4.7
,02-04-2024,Winnipeg,Manitoba,6.2
,02-04-2024,Hamilton,Ontario,3.1
,02-04-2024,Kitchener,Ontario,14.6
,02-04-2024,Waterloo,Ontario,9.7
,03-04-2024,Toronto,Ontario,14
,03-04-2024,Vancouver,British Columbia,4.6
,03-04-2024,Montreal,Quebec,11.7
,03-04-2024,Calgary,Alberta,11.5
,03-04-2024,Edmonton,Alberta,10.4
,03-04-2024,Ottawa,Ontario,14.5
,03-04-2024,Winnipeg,Manitoba,5.9
,03-04-2024,Hamilton,Ontario,2
,03-04-2024,Kitchener,Ontario,10.1
,03-04-2024,Waterloo,Ontario,10.9
,04-04-2024,Toronto,Ontario,8.6
,04-04-2024,Vancouver,British Columbia,3.1
,04-04-2024,Montreal,Quebec,7.6
,04-04-2024,Calgary,Alberta,4.7
,04-04-2024,Edmonton,Alberta,6.4
,04-04-2024,Ottawa,Ontario,9.7
,04-04-2024,Winnipeg,Manitoba,11.2
,04-04-2024,Hamilton,Ontario,3.5
,04-04-2024,Kitchener,Ontario,6.1
,04-04-2024,Waterloo,Ontario,4
,05-04-2024,Toronto,Ontario,3
,05-04-2024,Vancouver,British Columbia,11.8
,05-04-2024,Montreal,Quebec,13.6
,05-04-2024,Calgary,Alberta,5.6
,05-04-2024,Edmonton,Alberta,11.3
,05-04-2024,Ottawa,Ontario,13.5
,05-04-2024,Winnipeg,Manitoba,12.7
,05-04-2024,Hamilton,Ontario,2.7
,05-04-2024,Kitchener,Ontario,14.3
,05-04-2024,Waterloo,Ontario,5.7
,06-04-2024,Toronto,Ontario,5.1
,06-04-2024,Vancouver,British Columbia,0.9
,06-04-2024,Montreal,Quebec,7.3
,06-04-2024,Calgary,Alberta,1.6
,06-04-2024,Edmonton,Alberta,3.7
,06-04-2024,Ottawa,Ontario,4.8
,06-04-2024,Winnipeg,Manitoba,12.1
,06-04-2024,Hamilton,Ontario,13.1
,06-04-2024,Kitchener,Ontario,4.5
,06-04-2024,Waterloo,Ontario,12.9
,07-04-2024,Toronto,Ontario,12.9
,07-04-2024,Vancouver,British Columbia,11.5
,07-04-2024,Montreal,Quebec,2.2
,07-04-2024,Calgary,Alberta,10.4
,07-04-2024,Edmonton,Alberta,14.2
,07-04-2024,Ottawa,Ontario,10.2
,07-04-2024,Winnipeg,Manitoba,5
,07-04-2024,Hamilton,Ontario,7.5
,07-04-2024,Kitchener,Ontario,9.7
,07-04-2024,Waterloo,Ontario,7.7
,08-04-2024,Toronto,Ontario,1.8
,08-04-2024,Vancouver,British Columbia,4.7
,08-04-2024,Montreal,Quebec,12
,08-04-2024,Calgary,Alberta,12.9
,08-04-2024,Edmonton,Alberta,2.1
,08-04-2024,Ottawa,Ontario,14.3
,08-04-2024,Winnipeg,Manitoba,4.9
,08-04-2024,Hamilton,Ontario,9.9
,08-04-2024,Kitchener,Ontario,11.3
,08-04-2024,Waterloo,Ontario,12.2
,09-04-2024,Toronto,Ontario,14.2
,09-04-2024,Vancouver,British Columbia,4.7
,09-04-2024,Montreal,Quebec,12.9
,09-04-2024,Calgary,Alberta,2
,09-04-2024,Edmonton,Alberta,10.6
,09-04-2024,Ottawa,Ontario,11.1
,09-04-2024,Winnipeg,Manitoba,10.2
,09-04-2024,Hamilton,Ontario,3.8
,09-04-2024,Kitchener,Ontario,13.1
,09-04-2024,Waterloo,Ontario,2.5
,10-04-2024,Toronto,Ontario,0.8
,10-04-2024,Vancouver,British Columbia,10.8
,10-04-2024,Montreal,Quebec,7.1
,10-04-2024,Calgary,Alberta,12.7
,10-04-2024,Edmonton,Alberta,5.8
,10-04-2024,Ottawa,Ontario,2.5
,10-04-2024,Winnipeg,Manitoba,12.5
,10-04-2024,Hamilton,Ontario,8.2
,10-04-2024,Kitchener,Ontario,2.8
,10-04-2024,Waterloo,Ontario,10.8
,11-04-2024,Toronto,Ontario,7.7
,11-04-2024,Vancouver,British Columbia,9.1
,11-04-2024,Montreal,Quebec,6.9
,11-04-2024,Calgary,Alberta,12.4
,11-04-2024,Edmonton,Alberta,12.4
,11-04-2024,Ottawa,Ontario,10.6
,11-04-2024,Winnipeg,Manitoba,1.6
,11-04-2024,Hamilton,Ontario,12.6
,11-04-2024,Kitchener,Ontario,10.1
,11-04-2024,Waterloo,Ontario,10.5
,12-04-2024,Toronto,Ontario,5.4
,12-04-2024,Vancouver,British Columbia,13.2
,12-04-2024,Montreal,Quebec,10.9
,12-04-2024,Calgary,Alberta,1.7
,12-04-2024,Edmonton,Alberta,6.1
,12-04-2024,Ottawa,Ontario,13.3
,12-04-2024,Winnipeg,Manitoba,0.7
,12-04-2024,Hamilton,Ontario,14.4
,12-04-2024,Kitchener,Ontario,10.2
,12-04-2024,Waterloo,Ontario,9.5
,13-04-2024,Toronto,Ontario,4.1
,13-04-2024,Vancouver,British Columbia,3.7
,13-04-2024,Montreal,Quebec,14.1
,13-04-2024,Calgary,Alberta,4.5
,13-04-2024,Edmonton,Alberta,11.6
,13-04-2024,Ottawa,Ontario,5.9
,13-04-2024,Winnipeg,Manitoba,2.1
,13-04-2024,Hamilton,Ontario,0.2
,13-04-2024,Kitchener,Ontario,8.2
,13-04-2024,Waterloo,Ontario,14.6
,14-04-2024,Toronto,Ontario,5.5
,14-04-2024,Vancouver,British Columbia,5.4
,14-04-2024,Montreal,Quebec,5.2
,14-04-2024,Calgary,Alberta,7.8
,14-04-2024,Edmonton,Alberta,6.6
,14-04-2024,Ottawa,Ontario,13.2
,14-04-2024,Winnipeg,Manitoba,7.6
,14-04-2024,Hamilton,Ontario,7.6
,14-04-2024,Kitchener,Ontario,2.1
,14-04-2024,Waterloo,Ontario,14.7
,15-04-2024,Toronto,Ontario,3.7
,15-04-2024,Vancouver,British Columbia,1.1
,15-04-2024,Montreal,Quebec,9.9
,15-04-2024,Calgary,Alberta,8.9
,15-04-2024,Edmonton,Alberta,6.2
,15-04-2024,Ottawa,Ontario,6.3
,15-04-2024,Winnipeg,Manitoba,11.8
,15-04-2024,Hamilton,Ontario,2.9
,15-04-2024,Kitchener,Ontario,12.3
,15-04-2024,Waterloo,Ontario,9.7
,16-04-2024,Toronto,Ontario,6.3
,16-04-2024,Vancouver,British Columbia,6.9
,16-04-2024,Montreal,Quebec,3.8
,16-04-2024,Calgary,Alberta,11.3
,16-04-2024,Edmonton,Alberta,7.7
,16-04-2024,Ottawa,Ontario,4.8
,16-04-2024,Winnipeg,Manitoba,8.9
,16-04-2024,Hamilton,Ontario,14.9
,16-04-2024,Kitchener,Ontario,6.5
,16-04-2024,Waterloo,Ontario,13.8
,17-04-2024,Toronto,Ontario,5.2
,17-04-2024,Vancouver,British Columbia,0.8
,17-04-2024,Montreal,Quebec,3.1
,17-04-2024,Calgary,Alberta,6.3
,17-04-2024,Edmonton,Alberta,3.3
,17-04-2024,Ottawa,Ontario,0
,17-04-2024,Winnipeg,Manitoba,13.7
,17-04-2024,Hamilton,Ontario,12.7
,17-04-2024,Kitchener,Ontario,11.1
,17-04-2024,Waterloo,Ontario,2.5
,18-04-2024,Toronto,Ontario,1.8
,18-04-2024,Vancouver,British Columbia,1
,18-04-2024,Montreal,Quebec,10.9
,18-04-2024,Calgary,Alberta,13.9
,18-04-2024,Edmonton,Alberta,6.5
,18-04-2024,Ottawa,Ontario,1.8
,18-04-2024,Winnipeg,Manitoba,7.7
,18-04-2024,Hamilton,Ontario,5.2
,18-04-2024,Kitchener,Ontario,5.6
,18-04-2024,Waterloo,Ontario,9.3
,19-04-2024,Toronto,Ontario,10.8
,19-04-2024,Vancouver,British Columbia,1.7
,19-04-2024,Montreal,Quebec,0.5
,19-04-2024,Calgary,Alberta,14.9
,19-04-2024,Edmonton,Alberta,3.5
,19-04-2024,Ottawa,Ontario,0.8
,19-04-2024,Winnipeg,Manitoba,2.8
,19-04-2024,Hamilton,Ontario,0.6
,19-04-2024,Kitchener,Ontario,5.9
,19-04-2024,Waterloo,Ontario,12
,20-04-2024,Toronto,Ontario,5.1
,20-04-2024,Vancouver,British Columbia,6.7
,20-04-2024,Montreal,Quebec,10.1
,20-04-2024,Calgary,Alberta,7.6
,20-04-2024,Edmonton,Alberta,12.9
,20-04-2024,Ottawa,Ontario,13
,20-04-2024,Winnipeg,Manitoba,0.1
,20-04-2024,Hamilton,Ontario,11.7
,20-04-2024,Kitchener,Ontario,6.9
,20-04-2024,Waterloo,Ontario,14.8
,21-04-2024,Toronto,Ontario,7.2
,21-04-2024,Vancouver,British Columbia,14.8
,21-04-2024,Montreal,Quebec,11.3
,21-04-2024,Calgary,Alberta,3.7
,21-04-2024,Edmonton,Alberta,8.1
,21-04-2024,Ottawa,Ontario,14.9
,21-04-2024,Winnipeg,Manitoba,12.9
,21-04-2024,Hamilton,Ontario,1.5
,21-04-2024,Kitchener,Ontario,10.6
,21-04-2024,Waterloo,Ontario,5.2
,22-04-2024,Toronto,Ontario,0.1
,22-04-2024,Vancouver,British Columbia,6.1
,22-04-2024,Montreal,Quebec,3.5
,22-04-2024,Calgary,Alberta,12.3
,22-04-2024,Edmonton,Alberta,5.1
,22-04-2024,Ottawa,Ontario,12.4
,22-04-2024,Winnipeg,Manitoba,0
,22-04-2024,Hamilton,Ontario,4.6
,22-04-2024,Kitchener,Ontario,3.6
,22-04-2024,Waterloo,Ontario,3.5
,23-04-2024,Toronto,Ontario,1
,23-04-2024,Vancouver,British Columbia,2.8
,23-04-2024,Montreal,Quebec,8.3
,23-04-2024,Calgary,Alberta,4.4
,23-04-2024,Edmonton,Alberta,6.3
,23-04-2024,Ottawa,Ontario,5.7
,23-04-2024,Winnipeg,Manitoba,13.1
,23-04-2024,Hamilton,Ontario,13.6
,23-04-2024,Kitchener,Ontario,7.4
,23-04-2024,Waterloo,Ontario,5
,24-04-2024,Toronto,Ontario,1.6
,24-04-2024,Vancouver,British Columbia,14.3
,24-04-2024,Montreal,Quebec,0.9
,24-04-2024,Calgary,Alberta,4.5
,24-04-2024,Edmonton,Alberta,4.5
,24-04-2024,Ottawa,Ontario,4.8
,24-04-2024,Winnipeg,Manitoba,2.5
,24-04-2024,Hamilton,Ontario,11.7
,24-04-2024,Kitchener,Ontario,1.8
,24-04-2024,Waterloo,Ontario,9.5
,25-04-2024,Toronto,Ontario,1.9
,25-04-2024,Vancouver,British Columbia,1.1
,25-04-2024,Montreal,Quebec,13.6
,25-04-2024,Calgary,Alberta,2.9
,25-04-2024,Edmonton,Alberta,12.3
,25-04-2024,Ottawa,Ontario,8.2
,25-04-2024,Winnipeg,Manitoba,1.2
,25-04-2024,Hamilton,Ontario,14.3
,25-04-2024,Kitchener,Ontario,3.7
,25-04-2024,Waterloo,Ontario,12.9
,26-04-2024,Toronto,Ontario,2.5
,26-04-2024,Vancouver,British Columbia,12.8
,26-04-2024,Montreal,Quebec,0.2
,26-04-2024,Calgary,Alberta,7.7
,26-04-2024,Edmonton,Alberta,11.5
,26-04-2024,Ottawa,Ontario,14
,26-04-2024,Winnipeg,Manitoba,13.6
,26-04-2024,Hamilton,Ontario,12.3
,26-04-2024,Kitchener,Ontario,13.3
,26-04-2024,Waterloo,Ontario,3
,27-04-2024,Toronto,Ontario,4.3
,27-04-2024,Vancouver,British Columbia,4.3
,27-04-2024,Montreal,Quebec,5.7
,27-04-2024,Calgary,Alberta,5.9
,27-04-2024,Edmonton,Alberta,8.2
,27-04-2024,Ottawa,Ontario,2.4
,27-04-2024,Winnipeg,Manitoba,10.4
,27-04-2024,Hamilton,Ontario,2.5
,27-04-2024,Kitchener,Ontario,4.7
,27-04-2024,Waterloo,Ontario,7.6
,28-04-2024,Toronto,Ontario,11.9
,28-04-2024,Vancouver,British Columbia,11.1
,28-04-2024,Montreal,Quebec,9.7
,28-04-2024,Calgary,Alberta,2.3
,28-04-2024,Edmonton,Alberta,8.2
,28-04-2024,Ottawa,Ontario,1.3
,28-04-2024,Winnipeg,Manitoba,5.7
,28-04-2024,Hamilton,Ontario,6.2
,28-04-2024,Kitchener,Ontario,0.6
,28-04-2024,Waterloo,Ontario,4.1
,29-04-2024,Toronto,Ontario,14.3
,29-04-2024,Vancouver,British Columbia,14.3
,29-04-2024,Montreal,Quebec,5.3
,29-04-2024,Calgary,Alberta,0.6
,29-04-2024,Edmonton,Alberta,2.7
,29-04-2024,Ottawa,Ontario,5.9
,29-04-2024,Winnipeg,Manitoba,14.2
,29-04-2024,Hamilton,Ontario,2.1
,29-04-2024,Kitchener,Ontario,11.5
,29-04-2024,Waterloo,Ontario,1.6
,30-04-2024,Toronto,Ontario,14.7
,30-04-2024,Vancouver,British Columbia,5.7
,30-04-2024,Montreal,Quebec,11.6
,30-04-2024,Calgary,Alberta,5.1
,30-04-2024,Edmonton,Alberta,9.4
,30-04-2024,Ottawa,Ontario,2.9
,30-04-2024,Winnipeg,Manitoba,2.2
,30-04-2024,Hamilton,Ontario,14.1
,30-04-2024,Kitchener,Ontario,13.8
,30-04-2024,Waterloo,Ontario,13.3
,01-05-2024,Toronto,Ontario,9.4
,01-05-2024,Vancouver,British Columbia,12.1
,01-05-2024,Montreal,Quebec,1
,01-05-2024,Calgary,Alberta,5
,01-05-2024,Edmonton,Alberta,4.7
,01-05-2024,Ottawa,Ontario,9.5
,01-05-2024,Winnipeg,Manitoba,5.3
,01-05-2024,Hamilton,Ontario,2.2
,01-05-2024,Kitchener,Ontario,8.9
,01-05-2024,Waterloo,Ontario,12.2
,02-05-2024,Toronto,Ontario,5.7
,02-05-2024,Vancouver,British Columbia,2
,02-05-2024,Montreal,Quebec,3
,02-05-2024,Calgary,Alberta,3.6
,02-05-2024,Edmonton,Alberta,4.5
,02-05-2024,Ottawa,Ontario,9.6
,02-05-2024,Winnipeg,Manitoba,9
,02-05-2024,Hamilton,Ontario,10.4
,02-05-2024,Kitchener,Ontario,5.4
,02-05-2024,Waterloo,Ontario,12.4
,03-05-2024,Toronto,Ontario,3.1
,03-05-2024,Vancouver,British Columbia,7
,03-05-2024,Montreal,Quebec,12
,03-05-2024,Calgary,Alberta,2.7
,03-05-2024,Edmonton,Alberta,1.6
,03-05-2024,Ottawa,Ontario,13.3
,03-05-2024,Winnipeg,Manitoba,5.1
,03-05-2024,Hamilton,Ontario,10.3
,03-05-2024,Kitchener,Ontario,0.4
,03-05-2024,Waterloo,Ontario,10.4
,04-05-2024,Toronto,Ontario,4.7
,04-05-2024,Vancouver,British Columbia,0.8
,04-05-2024,Montreal,Quebec,9.1
,04-05-2024,Calgary,Alberta,3.6
,04-05-2024,Edmonton,Alberta,5.8
,04-05-2024,Ottawa,Ontario,1.2
,04-05-2024,Winnipeg,Manitoba,2.2
,04-05-2024,Hamilton,Ontario,4.5
,04-05-2024,Kitchener,Ontario,1.3
,04-05-2024,Waterloo,Ontario,13.7
,05-05-2024,Toronto,Ontario,0.1
,05-05-2024,Vancouver,British Columbia,7.3
,05-05-2024,Montreal,Quebec,1.8
,05-05-2024,Calgary,Alberta,4.6
,05-05-2024,Edmonton,Alberta,13.9
,05-05-2024,Ottawa,Ontario,2.4
,05-05-2024,Winnipeg,Manitoba,14.5
,05-05-2024,Hamilton,Ontario,3.1
,05-05-2024,Kitchener,Ontario,11.1
,05-05-2024,Waterloo,Ontario,8.2
,06-05-2024,Toronto,Ontario,13.3
,06-05-2024,Vancouver,British Columbia,8.3
,06-05-2024,Montreal,Quebec,8
,06-05-2024,Calgary,Alberta,2.9
,06-05-2024,Edmonton,Alberta,2.5
,06-05-2024,Ottawa,Ontario,13.7
,06-05-2024,Winnipeg,Manitoba,4.9
,06-05-2024,Hamilton,Ontario,5.6
,06-05-2024,Kitchener,Ontario,11.4
,06-05-2024,Waterloo,Ontario,5.1
,07-05-2024,Toronto,Ontario,14.3
,07-05-2024,Vancouver,British Columbia,11.1
,07-05-2024,Montreal,Quebec,9
,07-05-2024,Calgary,Alberta,13.2
,07-05-2024,Edmonton,Alberta,0.7
,07-05-2024,Ottawa,Ontario,3.9
,07-05-2024,Winnipeg,Manitoba,7
,07-05-2024,Hamilton,Ontario,3.4
,07-05-2024,Kitchener,Ontario,11.2
,07-05-2024,Waterloo,Ontario,13.8
,08-05-2024,Toronto,Ontario,6.4
,08-05-2024,Vancouver,British Columbia,5.1
,08-05-2024,Montreal,Quebec,14.4
,08-05-2024,Calgary,Alberta,6.7
,08-05-2024,Edmonton,Alberta,7.3
,08-05-2024,Ottawa,Ontario,5.3
,08-05-2024,Winnipeg,Manitoba,13.6
,08-05-2024,Hamilton,Ontario,8.5
,08-05-2024,Kitchener,Ontario,11.4
,08-05-2024,Waterloo,Ontario,12.2
,09-05-2024,Toronto,Ontario,5.1
,09-05-2024,Vancouver,British Columbia,6.5
,09-05-2024,Montreal,Quebec,12.7
,09-05-2024,Calgary,Alberta,5.4
,09-05-2024,Edmonton,Alberta,11.9
,09-05-2024,Ottawa,Ontario,14.1
,09-05-2024,Winnipeg,Manitoba,9.3
,09-05-2024,Hamilton,Ontario,11.1
,09-05-2024,Kitchener,Ontario,12.1
,09-05-2024,Waterloo,Ontario,12.7
,10-05-2024,Toronto,Ontario,5.9
,10-05-2024,Vancouver,British Columbia,0.8
,10-05-2024,Montreal,Quebec,6
,10-05-2024,Calgary,Alberta,10.1
,10-05-2024,Edmonton,Alberta,6.8
,10-05-2024,Ottawa,Ontario,11.2
,10-05-2024,Winnipeg,Manitoba,5.4
,10-05-2024,Hamilton,Ontario,9.5
,10-05-2024,Kitchener,Ontario,2.8
,10-05-2024,Waterloo,Ontario,11.2
,11-05-2024,Toronto,Ontario,8.2
,11-05-2024,Vancouver,British Columbia,3.1
,11-05-2024,Montreal,Quebec,4.4
,11-05-2024,Calgary,Alberta,11.2
,11-05-2024,Edmonton,Alberta,7.2
,11-05-2024,Ottawa,Ontario,3.2
,11-05-2024,Winnipeg,Manitoba,14.5
,11-05-2024,Hamilton,Ontario,10.7
,11-05-2024,Kitchener,Ontario,14.4
,11-05-2024,Waterloo,Ontario,6.4
,12-05-2024,Toronto,Ontario,7.1
,12-05-2024,Vancouver,British Columbia,13.5
,12-05-2024,Montreal,Quebec,7.9
,12-05-2024,Calgary,Alberta,10.6
,12-05-2024,Edmonton,Alberta,3.8
,12-05-2024,Ottawa,Ontario,6.7
,12-05-2024,Winnipeg,Manitoba,1.9
,12-05-2024,Hamilton,Ontario,3.1
,12-05-2024,Kitchener,Ontario,0
,12-05-2024,Waterloo,Ontario,0.6
,13-05-2024,Toronto,Ontario,14.7
,13-05-2024,Vancouver,British Columbia,3.6
,13-05-2024,Montreal,Quebec,9.9
,13-05-2024,Calgary,Alberta,12.6
,13-05-2024,Edmonton,Alberta,8.3
,13-05-2024,Ottawa,Ontario,2.3
,13-05-2024,Winnipeg,Manitoba,10.9
,13-05-2024,Hamilton,Ontario,9
,13-05-2024,Kitchener,Ontario,11
,13-05-2024,Waterloo,Ontario,11.5
,14-05-2024,Toronto,Ontario,14.6
,14-05-2024,Vancouver,British Columbia,8.6
,14-05-2024,Montreal,Quebec,5.1
,14-05-2024,Calgary,Alberta,9.7
,14-05-2024,Edmonton,Alberta,1
,14-05-2024,Ottawa,Ontario,13.5
,14-05-2024,Winnipeg,Manitoba,1.8
,14-05-2024,Hamilton,Ontario,4.9
,14-05-2024,Kitchener,Ontario,12.2
,14-05-2024,Waterloo,Ontario,9
,15-05-2024,Toronto,Ontario,5.9
,15-05-2024,Vancouver,British Columbia,7.1
,15-05-2024,Montreal,Quebec,12.8
,15-05-2024,Calgary,Alberta,5.1
,15-05-2024,Edmonton,Alberta,13
,15-05-2024,Ottawa,Ontario,1.3
,15-05-2024,Winnipeg,Manitoba,11.7
,15-05-2024,Hamilton,Ontario,12.7
,15-05-2024,Kitchener,Ontario,2.7
,15-05-2024,Waterloo,Ontario,6.5
,16-05-2024,Toronto,Ontario,2.5
,16-05-2024,Vancouver,British Columbia,10.6
,16-05-2024,Montreal,Quebec,8
,16-05-2024,Calgary,Alberta,9.5
,16-05-2024,Edmonton,Alberta,2.9
,16-05-2024,Ottawa,Ontario,3.2
,16-05-2024,Winnipeg,Manitoba,0.6
,16-05-2024,Hamilton,Ontario,4.8
,16-05-2024,Kitchener,Ontario,8.4
,16-05-2024,Waterloo,Ontario,12.9
,17-05-2024,Toronto,Ontario,10
,17-05-2024,Vancouver,British Columbia,6.5
,17-05-2024,Montreal,Quebec,14.3
,17-05-2024,Calgary,Alberta,10.8
,17-05-2024,Edmonton,Alberta,14
,17-05-2024,Ottawa,Ontario,7.9
,17-05-2024,Winnipeg,Manitoba,3.9
,17-05-2024,Hamilton,Ontario,0.8
,17-05-2024,Kitchener,Ontario,10.9
,17-05-2024,Waterloo,Ontario,1.8
,18-05-2024,Toronto,Ontario,4.5
,18-05-2024,Vancouver,British Columbia,8
,18-05-2024,Montreal,Quebec,8.5
,18-05-2024,Calgary,Alberta,9
,18-05-2024,Edmonton,Alberta,2.5
,18-05-2024,Ottawa,Ontario,5.7
,18-05-2024,Winnipeg,Manitoba,9.3
,18-05-2024,Hamilton,Ontario,14.5
,18-05-2024,Kitchener,Ontario,10.9
,18-05-2024,Waterloo,Ontario,13.8
,19-05-2024,Toronto,Ontario,11.4
,19-05-2024,Vancouver,British Columbia,8.9
,19-05-2024,Montreal,Quebec,2.9
,19-05-2024,Calgary,Alberta,10
,19-05-2024,Edmonton,Alberta,9.4
,19-05-2024,Ottawa,Ontario,9
,19-05-2024,Winnipeg,Manitoba,7.3
,19-05-2024,Hamilton,Ontario,7.9
,19-05-2024,Kitchener,Ontario,5
,19-05-2024,Waterloo,Ontario,7.8
,20-05-2024,Toronto,Ontario,3
,20-05-2024,Vancouver,British Columbia,12.1
,20-05-2024,Montreal,Quebec,2.8
,20-05-2024,Calgary,Alberta,1.3
,20-05-2024,Edmonton,Alberta,6.5
,20-05-2024,Ottawa,Ontario,9.9
,20-05-2024,Winnipeg,Manitoba,6.6
,20-05-2024,Hamilton,Ontario,4.2
,20-05-2024,Kitchener,Ontario,8.4
,20-05-2024,Waterloo,Ontario,5.2
,21-05-2024,Toronto,Ontario,14
,21-05-2024,Vancouver,British Columbia,13.8
,21-05-2024,Montreal,Quebec,7.5
,21-05-2024,Calgary,Alberta,4.9
,21-05-2024,Edmonton,Alberta,11.1
,21-05-2024,Ottawa,Ontario,0.6
,21-05-2024,Winnipeg,Manitoba,7.1
,21-05-2024,Hamilton,Ontario,5
,21-05-2024,Kitchener,Ontario,13.8
,21-05-2024,Waterloo,Ontario,0.2
,22-05-2024,Toronto,Ontario,8.3
,22-05-2024,Vancouver,British Columbia,11.1
,22-05-2024,Montreal,Quebec,7.3
,22-05-2024,Calgary,Alberta,1.3
,22-05-2024,Edmonton,Alberta,14.6
,22-05-2024,Ottawa,Ontario,7.8
,22-05-2024,Winnipeg,Manitoba,9.2
,22-05-2024,Hamilton,Ontario,3.5
,22-05-2024,Kitchener,Ontario,7.3
,22-05-2024,Waterloo,Ontario,6.4
,23-05-2024,Toronto,Ontario,1.1
,23-05-2024,Vancouver,British Columbia,1.6
,23-05-2024,Montreal,Quebec,12.6
,23-05-2024,Calgary,Alberta,3.6
,23-05-2024,Edmonton,Alberta,2.9
,23-05-2024,Ottawa,Ontario,7.6
,23-05-2024,Winnipeg,Manitoba,11.5
,23-05-2024,Hamilton,Ontario,0.9
,23-05-2024,Kitchener,Ontario,8.7
,23-05-2024,Waterloo,Ontario,1.8
,24-05-2024,Toronto,Ontario,0.5
,24-05-2024,Vancouver,British Columbia,0.8
,24-05-2024,Montreal,Quebec,12.5
,24-05-2024,Calgary,Alberta,1.8
,24-05-2024,Edmonton,Alberta,0.7
,24-05-2024,Ottawa,Ontario,6.6
,24-05-2024,Winnipeg,Manitoba,12.7
,24-05-2024,Hamilton,Ontario,3.9
,24-05-2024,Kitchener,Ontario,6.3
,24-05-2024,Waterloo,Ontario,0.6
,25-05-2024,Toronto,Ontario,6.7
,25-05-2024,Vancouver,British Columbia,8.7
,25-05-2024,Montreal,Quebec,8.6
,25-05-2024,Calgary,Alberta,5
,25-05-2024,Edmonton,Alberta,4.7
,25-05-2024,Ottawa,Ontario,1.6
,25-05-2024,Winnipeg,Manitoba,5.5
,25-05-2024,Hamilton,Ontario,1.5
,25-05-2024,Kitchener,Ontario,11.5
,25-05-2024,Waterloo,Ontario,14.5
,26-05-2024,Toronto,Ontario,14.6
,26-05-2024,Vancouver,British Columbia,13
,26-05-2024,Montreal,Quebec,9
,26-05-2024,Calgary,Alberta,10.5
,26-05-2024,Edmonton,Alberta,4.3
,26-05-2024,Ottawa,Ontario,9.5
,26-05-2024,Winnipeg,Manitoba,6.8
,26-05-2024,Hamilton,Ontario,7.2
,26-05-2024,Kitchener,Ontario,11.4
,26-05-2024,Waterloo,Ontario,4.2
,27-05-2024,Toronto,Ontario,4.8
,27-05-2024,Vancouver,British Columbia,13.9
,27-05-2024,Montreal,Quebec,0.8
,27-05-2024,Calgary,Alberta,7.3
,27-05-2024,Edmonton,Alberta,13.7
,27-05-2024,Ottawa,Ontario,9.2
,27-05-2024,Winnipeg,Manitoba,8.2
,27-05-2024,Hamilton,Ontario,3.7
,27-05-2024,Kitchener,Ontario,5.1
,27-05-2024,Waterloo,Ontario,12.8
,28-05-2024,Toronto,Ontario,8.4
,28-05-2024,Vancouver,British Columbia,7.7
,28-05-2024,Montreal,Quebec,1.5
,28-05-2024,Calgary,Alberta,0.2
,28-05-2024,Edmonton,Alberta,14.5
,28-05-2024,Ottawa,Ontario,5.7
,28-05-2024,Winnipeg,Manitoba,9
,28-05-2024,Hamilton,Ontario,1.2
,28-05-2024,Kitchener,Ontario,10.2
,28-05-2024,Waterloo,Ontario,14
,29-05-2024,Toronto,Ontario,8.6
,29-05-2024,Vancouver,British Columbia,1.9
,29-05-2024,Montreal,Quebec,8.7
,29-05-2024,Calgary,Alberta,11.5
,29-05-2024,Edmonton,Alberta,6.1
,29-05-2024,Ottawa,Ontario,13.2
,29-05-2024,Winnipeg,Manitoba,9.7
,29-05-2024,Hamilton,Ontario,13.5
,29-05-2024,Kitchener,Ontario,9.4
,29-05-2024,Waterloo,Ontario,2
,30-05-2024,Toronto,Ontario,4.6
,30-05-2024,Vancouver,British Columbia,3
,30-05-2024,Montreal,Quebec,13.6
,30-05-2024,Calgary,Alberta,11.4
,30-05-2024,Edmonton,Alberta,10.1
,30-05-2024,Ottawa,Ontario,4.5
,30-05-2024,Winnipeg,Manitoba,2.8
,30-05-2024,Hamilton,Ontario,11.3
,30-05-2024,Kitchener,Ontario,7.1
,30-05-2024,Waterloo,Ontario,3.4
,31-05-2024,Toronto,Ontario,9.2
,31-05-2024,Vancouver,British Columbia,0.6
,31-05-2024,Montreal,Quebec,4.9
,31-05-2024,Calgary,Alberta,7
,31-05-2024,Edmonton,Alberta,2.2
,31-05-2024,Ottawa,Ontario,14.8
,31-05-2024,Winnipeg,Manitoba,3.1
,31-05-2024,Hamilton,Ontario,2
,31-05-2024,Kitchener,Ontario,3.1
,31-05-2024,Waterloo,Ontario,11.5
,01-06-2024,Toronto,Ontario,23.5
,01-06-2024,Vancouver,British Columbia,26.3
,01-06-2024,Montreal,Quebec,15.4
,01-06-2024,Calgary,Alberta,15.7
,01-06-2024,Edmonton,Alberta,23.9
,01-06-2024,Ottawa,Ontario,31.3
,01-06-2024,Winnipeg,Manitoba,32.7
,01-06-2024,Hamilton,Ontario,16.7
,01-06-2024,Kitchener,Ontario,25.8
,01-06-2024,Waterloo,Ontario,33.3
,02-06-2024,Toronto,Ontario,22.8
,02-06-2024,Vancouver,British Columbia,31.6
,02-06-2024,Montreal,Quebec,17.7
,02-06-2024,Calgary,Alberta,33.7
,02-06-2024,Edmonton,Alberta,30
,02-06-2024,Ottawa,Ontario,33.8
,02-06-2024,Winnipeg,Manitoba,28.5
,02-06-2024,Hamilton,Ontario,22.3
,02-06-2024,Kitchener,Ontario,33.8
,02-06-2024,Waterloo,Ontario,20.5
,03-06-2024,Toronto,Ontario,21.6
,03-06-2024,Vancouver,British Columbia,29
,03-06-2024,Montreal,Quebec,30.3
,03-06-2024,Calgary,Alberta,33.6
,03-06-2024,Edmonton,Alberta,19.1
,03-06-2024,Ottawa,Ontario,31
,03-06-2024,Winnipeg,Manitoba,29.8
,03-06-2024,Hamilton,Ontario,16.3
,03-06-2024,Kitchener,Ontario,22.7
,03-06-2024,Waterloo,Ontario,20.7
,04-06-2024,Toronto,Ontario,21.1
,04-06-2024,Vancouver,British Columbia,34.7
,04-06-2024,Montreal,Quebec,27.9
,04-06-2024,Calgary,Alberta,29.4
,04-06-2024,Edmonton,Alberta,34.5
,04-06-2024,Ottawa,Ontario,22.5
,04-06-2024,Winnipeg,Manitoba,31
,04-06-2024,Hamilton,Ontario,23.7
,04-06-2024,Kitchener,Ontario,32.4
,04-06-2024,Waterloo,Ontario,18.6
,05-06-2024,Toronto,Ontario,34
,05-06-2024,Vancouver,British Columbia,19.4
,05-06-2024,Montreal,Quebec,21.5
,05-06-2024,Calgary,Alberta,30.1
,05-06-2024,Edmonton,Alberta,22.9
,05-06-2024,Ottawa,Ontario,27.2
,05-06-2024,Winnipeg,Manitoba,23.9
,05-06-2024,Hamilton,Ontario,29.8
,05-06-2024,Kitchener,Ontario,19.6
,05-06-2024,Waterloo,Ontario,16.2
,06-06-2024,Toronto,Ontario,21
,06-06-2024,Vancouver,British Columbia,24.5
,06-06-2024,Montreal,Quebec,18.4
,06-06-2024,Calgary,Alberta,22.1
,06-06-2024,Edmonton,Alberta,23
,06-06-2024,Ottawa,Ontario,16.1
,06-06-2024,Winnipeg,Manitoba,26.7
,06-06-2024,Hamilton,Ontario,32.7
,06-06-2024,Kitchener,Ontario,18
,06-06-2024,Waterloo,Ontario,27
,07-06-2024,Toronto,Ontario,28.3
,07-06-2024,Vancouver,British Columbia,23.4
,07-06-2024,Montreal,Quebec,29
,07-06-2024,Calgary,Alberta,23.2
,07-06-2024,Edmonton,Alberta,25.1
,07-06-2024,Ottawa,Ontario,15.1
,07-06-2024,Winnipeg,Manitoba,28.8
,07-06-2024,Hamilton,Ontario,28.2
,07-06-2024,Kitchener,Ontario,15.8
,07-06-2024,Waterloo,Ontario,22.4
,08-06-2024,Toronto,Ontario,34.6
,08-06-2024,Vancouver,British Columbia,23.4
,08-06-2024,Montreal,Quebec,25
,08-06-2024,Calgary,Alberta,33.2
,08-06-2024,Edmonton,Alberta,29.3
,08-06-2024,Ottawa,Ontario,26.6
,08-06-2024,Winnipeg,Manitoba,31
,08-06-2024,Hamilton,Ontario,32.3
,08-06-2024,Kitchener,Ontario,24.1
,08-06-2024,Waterloo,Ontario,24.5
,09-06-2024,Toronto,Ontario,22.7
,09-06-2024,Vancouver,British Columbia,34.3
,09-06-2024,Montreal,Quebec,28.9
,09-06-2024,Calgary,Alberta,16.7
,09-06-2024,Edmonton,Alberta,32.3
,09-06-2024,Ottawa,Ontario,24.6
,09-06-2024,Winnipeg,Manitoba,16.4
,09-06-2024,Hamilton,Ontario,26
,09-06-2024,Kitchener,Ontario,23.3
,09-06-2024,Waterloo,Ontario,32.6
,10-06-2024,Toronto,Ontario,19.1
,10-06-2024,Vancouver,British Columbia,31.5
,10-06-2024,Montreal,Quebec,26.2
,10-06-2024,Calgary,Alberta,16.1
,10-06-2024,Edmonton,Alberta,34.4
,10-06-2024,Ottawa,Ontario,25.3
,10-06-2024,Winnipeg,Manitoba,20.8
,10-06-2024,Hamilton,Ontario,24.4
,10-06-2024,Kitchener,Ontario,32.2
,10-06-2024,Waterloo,Ontario,21.1
,11-06-2024,Toronto,Ontario,18.9
,11-06-2024,Vancouver,British Columbia,17.6
,11-06-2024,Montreal,Quebec,21
,11-06-2024,Calgary,Alberta,30.6
,11-06-2024,Edmonton,Alberta,24.4
,11-06-2024,Ottawa,Ontario,19.5
,11-06-2024,Winnipeg,Manitoba,18.3
,11-06-2024,Hamilton,Ontario,21.7
,11-06-2024,Kitchener,Ontario,33.8
,11-06-2024,Waterloo,Ontario,21.9
,12-06-2024,Toronto,Ontario,34.8
,12-06-2024,Vancouver,British Columbia,24.7
,12-06-2024,Montreal,Quebec,18.6
,12-06-2024,Calgary,Alberta,32.8
,12-06-2024,Edmonton,Alberta,24.2
,12-06-2024,Ottawa,Ontario,29.2
,12-06-2024,Winnipeg,Manitoba,34.7
,12-06-2024,Hamilton,Ontario,16
,12-06-2024,Kitchener,Ontario,16.9
,12-06-2024,Waterloo,Ontario,29.4
,13-06-2024,Toronto,Ontario,20.6
,13-06-2024,Vancouver,British Columbia,18.7
,13-06-2024,Montreal,Quebec,15.8
,13-06-2024,Calgary,Alberta,15.4
,13-06-2024,Edmonton,Alberta,30.5
,13-06-2024,Ottawa,Ontario,17.7
,13-06-2024,Winnipeg,Manitoba,24.4
,13-06-2024,Hamilton,Ontario,27.1
,13-06-2024,Kitchener,Ontario,23.6
,13-06-2024,Waterloo,Ontario,15.5
,14-06-2024,Toronto,Ontario,30.7
,14-06-2024,Vancouver,British Columbia,15.2
,14-06-2024,Montreal,Quebec,30.2
,14-06-2024,Calgary,Alberta,32.9
,14-06-2024,Edmonton,Alberta,23.7
,14-06-2024,Ottawa,Ontario,25.7
,14-06-2024,Winnipeg,Manitoba,24.5
,14-06-2024,Hamilton,Ontario,22.8
,14-06-2024,Kitchener,Ontario,32.7
,14-06-2024,Waterloo,Ontario,32.9
,15-06-2024,Toronto,Ontario,21.7
,15-06-2024,Vancouver,British Columbia,27.3
,15-06-2024,Montreal,Quebec,33.5
,15-06-2024,Calgary,Alberta,34.2
,15-06-2024,Edmonton,Alberta,25.2
,15-06-2024,Ottawa,Ontario,24.1
,15-06-2024,Winnipeg,Manitoba,20.6
,15-06-2024,Hamilton,Ontario,34.2
,15-06-2024,Kitchener,Ontario,17.9
,15-06-2024,Waterloo,Ontario,26.6
,16-06-2024,Toronto,Ontario,20.7
,16-06-2024,Vancouver,British Columbia,20.6
,16-06-2024,Montreal,Quebec,23.1
,16-06-2024,Calgary,Alberta,35
,16-06-2024,Edmonton,Alberta,16.1
,16-06-2024,Ottawa,Ontario,26.6
,16-06-2024,Winnipeg,Manitoba,16.7
,16-06-2024,Hamilton,Ontario,18.1
,16-06-2024,Kitchener,Ontario,23.8
,16-06-2024,Waterloo,Ontario,25.2
,17-06-2024,Toronto,Ontario,20.2
,17-06-2024,Vancouver,British Columbia,21.3
,17-06-2024,Montreal,Quebec,16.7
,17-06-2024,Calgary,Alberta,21.1
,17-06-2024,Edmonton,Alberta,34.3
,17-06-2024,Ottawa,Ontario,33.9
,17-06-2024,Winnipeg,Manitoba,21.7
,17-06-2024,Hamilton,Ontario,26.4
,17-06-2024,Kitchener,Ontario,33.2
,17-06-2024,Waterloo,Ontario,15.1
,18-06-2024,Toronto,Ontario,31.2
,18-06-2024,Vancouver,British Columbia,34
,18-06-2024,Montreal,Quebec,16.8
,18-06-2024,Calgary,Alberta,18.2
,18-06-2024,Edmonton,Alberta,34.2
,18-06-2024,Ottawa,Ontario,25.8
,18-06-2024,Winnipeg,Manitoba,15.3
,18-06-2024,Hamilton,Ontario,20.2
,18-06-2024,Kitchener,Ontario,24
,18-06-2024,Waterloo,Ontario,28.9
,19-06-2024,Toronto,Ontario,29.7
,19-06-2024,Vancouver,British Columbia,34.9
,19-06-2024,Montreal,Quebec,20.8
,19-06-2024,Calgary,Alberta,25.8
,19-06-2024,Edmonton,Alberta,25.7
,19-06-2024,Ottawa,Ontario,23.1
,19-06-2024,Winnipeg,Manitoba,18.4
,19-06-2024,Hamilton,Ontario,34.5
,19-06-2024,Kitchener,Ontario,32.1
,19-06-2024,Waterloo,Ontario,25
,20-06-2024,Toronto,Ontario,27.1
,20-06-2024,Vancouver,British Columbia,19.5
,20-06-2024,Montreal,Quebec,25.9
,20-06-2024,Calgary,Alberta,28.9
,20-06-2024,Edmonton,Alberta,25.3
,20-06-2024,Ottawa,Ontario,34.8
,20-06-2024,Winnipeg,Manitoba,27.2
,20-06-2024,Hamilton,Ontario,22.4
,20-06-2024,Kitchener,Ontario,30.4
,20-06-2024,Waterloo,Ontario,18.4
,21-06-2024,Toronto,Ontario,22.7
,21-06-2024,Vancouver,British Columbia,21.9
,21-06-2024,Montreal,Quebec,23.6
,21-06-2024,Calgary,Alberta,30.6
,21-06-2024,Edmonton,Alberta,24.7
,21-06-2024,Ottawa,Ontario,30.9
,21-06-2024,Winnipeg,Manitoba,26.5
,21-06-2024,Hamilton,Ontario,21.8
,21-06-2024,Kitchener,Ontario,31.2
,21-06-2024,Waterloo,Ontario,19.8
,22-06-2024,Toronto,Ontario,19.5
,22-06-2024,Vancouver,British Columbia,25.1
,22-06-2024,Montreal,Quebec,20.2
,22-06-2024,Calgary,Alberta,15.2
,22-06-2024,Edmonton,Alberta,28
,22-06-2024,Ottawa,Ontario,25.2
,22-06-2024,Winnipeg,Manitoba,23.9
,22-06-2024,Hamilton,Ontario,34.3
,22-06-2024,Kitchener,Ontario,26.4
,22-06-2024,Waterloo,Ontario,32.3
,23-06-2024,Toronto,Ontario,17.8
,23-06-2024,Vancouver,British Columbia,26.4
,23-06-2024,Montreal,Quebec,32.4
,23-06-2024,Calgary,Alberta,26.7
,23-06-2024,Edmonton,Alberta,29.4
,23-06-2024,Ottawa,Ontario,22.4
,23-06-2024,Winnipeg,Manitoba,16.8
,23-06-2024,Hamilton,Ontario,24.2
,23-06-2024,Kitchener,Ontario,22.9
,23-06-2024,Waterloo,Ontario,32.3
,24-06-2024,Toronto,Ontario,19.9
,24-06-2024,Vancouver,British Columbia,34.3
,24-06-2024,Montreal,Quebec,34.2
,24-06-2024,Calgary,Alberta,20
,24-06-2024,Edmonton,Alberta,22
,24-06-2024,Ottawa,Ontario,32.9
,24-06-2024,Winnipeg,Manitoba,34.3
,24-06-2024,Hamilton,Ontario,23.9
,24-06-2024,Kitchener,Ontario,21.4
,24-06-2024,Waterloo,Ontario,25.5
,25-06-2024,Toronto,Ontario,28.8
,25-06-2024,Vancouver,British Columbia,20.5
,25-06-2024,Montreal,Quebec,29.7
,25-06-2024,Calgary,Alberta,16
,25-06-2024,Edmonton,Alberta,16
,25-06-2024,Ottawa,Ontario,22.7
,25-06-2024,Winnipeg,Manitoba,22.1
,25-06-2024,Hamilton,Ontario,21.3
,25-06-2024,Kitchener,Ontario,24.8
,25-06-2024,Waterloo,Ontario,21.4
,26-06-2024,Toronto,Ontario,18.8
,26-06-2024,Vancouver,British Columbia,21.2
,26-06-2024,Montreal,Quebec,34.5
,26-06-2024,Calgary,Alberta,23.2
,26-06-2024,Edmonton,Alberta,23.9
,26-06-2024,Ottawa,Ontario,26.5
,26-06-2024,Winnipeg,Manitoba,34.7
,26-06-2024,Hamilton,Ontario,19.8
,26-06-2024,Kitchener,Ontario,28.6
,26-06-2024,Waterloo,Ontario,29.3
,27-06-2024,Toronto,Ontario,27.1
,27-06-2024,Vancouver,British Columbia,16.8
,27-06-2024,Montreal,Quebec,28.5
,27-06-2024,Calgary,Alberta,16.3
,27-06-2024,Edmonton,Alberta,26.9
,27-06-2024,Ottawa,Ontario,29.8
,27-06-2024,Winnipeg,Manitoba,19.2
,27-06-2024,Hamilton,Ontario,31.8
,27-06-2024,Kitchener,Ontario,15.6
,27-06-2024,Waterloo,Ontario,31.9
,28-06-2024,Toronto,Ontario,24.2
,28-06-2024,Vancouver,British Columbia,19.4
,28-06-2024,Montreal,Quebec,17.7
,28-06-2024,Calgary,Alberta,34.1
,28-06-2024,Edmonton,Alberta,16.5
,28-06-2024,Ottawa,Ontario,19
,28-06-2024,Winnipeg,Manitoba,22
,28-06-2024,Hamilton,Ontario,27.4
,28-06-2024,Kitchener,Ontario,25.9
,28-06-2024,Waterloo,Ontario,17.5
,29-06-2024,Toronto,Ontario,20.8
,29-06-2024,Vancouver,British Columbia,19.8
,29-06-2024,Montreal,Quebec,19.3
,29-06-2024,Calgary,Alberta,23.2
,29-06-2024,Edmonton,Alberta,29.1
,29-06-2024,Ottawa,Ontario,19.3
,29-06-2024,Winnipeg,Manitoba,22.3
,29-06-2024,Hamilton,Ontario,22.8
,29-06-2024,Kitchener,Ontario,34.5
,29-06-2024,Waterloo,Ontario,34.1
,30-06-2024,Toronto,Ontario,31
,30-06-2024,Vancouver,British Columbia,19.8
,30-06-2024,Montreal,Quebec,16.4
,30-06-2024,Calgary,Alberta,21.3
,30-06-2024,Edmonton,Alberta,20.3
,30-06-2024,Ottawa,Ontario,25.1
,30-06-2024,Winnipeg,Manitoba,30.6
,30-06-2024,Hamilton,Ontario,32.2
,30-06-2024,Kitchener,Ontario,31.9
,30-06-2024,Waterloo,Ontario,22.2
,01-07-2024,Toronto,Ontario,28.7
,01-07-2024,Vancouver,British Columbia,21.3
,01-07-2024,Montreal,Quebec,16.2
,01-07-2024,Calgary,Alberta,29
,01-07-2024,Edmonton,Alberta,15.2
,01-07-2024,Ottawa,Ontario,23.2
,01-07-2024,Winnipeg,Manitoba,21.6
,01-07-2024,Hamilton,Ontario,28.9
,01-07-2024,Kitchener,Ontario,30.3
,01-07-2024,Waterloo,Ontario,21.1
,02-07-2024,Toronto,Ontario,31.2
,02-07-2024,Vancouver,British Columbia,20.9
,02-07-2024,Montreal,Quebec,23.9
,02-07-2024,Calgary,Alberta,29.5
,02-07-2024,Edmonton,Alberta,28.9
,02-07-2024,Ottawa,Ontario,34.7
,02-07-2024,Winnipeg,Manitoba,19.5
,02-07-2024,Hamilton,Ontario,28.2
,02-07-2024,Kitchener,Ontario,27.2
,02-07-2024,Waterloo,Ontario,33.3
,03-07-2024,Toronto,Ontario,18.1
,03-07-2024,Vancouver,British Columbia,30
,03-07-2024,Montreal,Quebec,26.4
,03-07-2024,Calgary,Alberta,20.5
,03-07-2024,Edmonton,Alberta,24.5
,03-07-2024,Ottawa,Ontario,21.7
,03-07-2024,Winnipeg,Manitoba,26.6
,03-07-2024,Hamilton,Ontario,32.8
,03-07-2024,Kitchener,Ontario,26.4
,03-07-2024,Waterloo,Ontario,27.6
,04-07-2024,Toronto,Ontario,25.4
,04-07-2024,Vancouver,British Columbia,16
,04-07-2024,Montreal,Quebec,19.7
,04-07-2024,Calgary,Alberta,24.8
,04-07-2024,Edmonton,Alberta,21.2
,04-07-2024,Ottawa,Ontario,18.6
,04-07-2024,Winnipeg,Manitoba,25.1
,04-07-2024,Hamilton,Ontario,21.5
,04-07-2024,Kitchener,Ontario,20.2
,04-07-2024,Waterloo,Ontario,24.3
,05-07-2024,Toronto,Ontario,17.7
,05-07-2024,Vancouver,British Columbia,33.6
,05-07-2024,Montreal,Quebec,32.4
,05-07-2024,Calgary,Alberta,29.2
,05-07-2024,Edmonton,Alberta,17.1
,05-07-2024,Ottawa,Ontario,30.5
,05-07-2024,Winnipeg,Manitoba,31.2
,05-07-2024,Hamilton,Ontario,30.4
,05-07-2024,Kitchener,Ontario,17.3
,05-07-2024,Waterloo,Ontario,27.9
,06-07-2024,Toronto,Ontario,31.7
,06-07-2024,Vancouver,British Columbia,26.5
,06-07-2024,Montreal,Quebec,27.9
,06-07-2024,Calgary,Alberta,24.2
,06-07-2024,Edmonton,Alberta,25.6
,06-07-2024,Ottawa,Ontario,15.7
,06-07-2024,Winnipeg,Manitoba,27.8
,06-07-2024,Hamilton,Ontario,16.6
,06-07-2024,Kitchener,Ontario,23.7
,06-07-2024,Waterloo,Ontario,20.9
,07-07-2024,Toronto,Ontario,25.9
,07-07-2024,Vancouver,British Columbia,17.7
,07-07-2024,Montreal,Quebec,28.8
,07-07-2024,Calgary,Alberta,30.9
,07-07-2024,Edmonton,Alberta,18.3
,07-07-2024,Ottawa,Ontario,17.1
,07-07-2024,Winnipeg,Manitoba,17.9
,07-07-2024,Hamilton,Ontario,32.5
,07-07-2024,Kitchener,Ontario,25.6
,07-07-2024,Waterloo,Ontario,24.3
,08-07-2024,Toronto,Ontario,17.1
,08-07-2024,Vancouver,British Columbia,28
,08-07-2024,Montreal,Quebec,32.4
,08-07-2024,Calgary,Alberta,31.6
,08-07-2024,Edmonton,Alberta,27.5
,08-07-2024,Ottawa,Ontario,16.5
,08-07-2024,Winnipeg,Manitoba,17.2
,08-07-2024,Hamilton,Ontario,16
,08-07-2024,Kitchener,Ontario,20.1
,08-07-2024,Waterloo,Ontario,17.7
,09-07-2024,Toronto,Ontario,20.2
,09-07-2024,Vancouver,British Columbia,22.7
,09-07-2024,Montreal,Quebec,33.9
,09-07-2024,Calgary,Alberta,27.2
,09-07-2024,Edmonton,Alberta,31.7
,09-07-2024,Ottawa,Ontario,29.2
,09-07-2024,Winnipeg,Manitoba,17.3
,09-07-2024,Hamilton,Ontario,29.7
,09-07-2024,Kitchener,Ontario,20.5
,09-07-2024,Waterloo,Ontario,27.8
,10-07-2024,Toronto,Ontario,21.8
,10-07-2024,Vancouver,British Columbia,35
,10-07-2024,Montreal,Quebec,20.3
,10-07-2024,Calgary,Alberta,20.6
,10-07-2024,Edmonton,Alberta,33.6
,10-07-2024,Ottawa,Ontario,15.5
,10-07-2024,Winnipeg,Manitoba,28.9
,10-07-2024,Hamilton,Ontario,29.5
,10-07-2024,Kitchener,Ontario,31.7
,10-07-2024,Waterloo,Ontario,34.5
,11-07-2024,Toronto,Ontario,34.5
,11-07-2024,Vancouver,British Columbia,16.3
,11-07-2024,Montreal,Quebec,31.4
,11-07-2024,Calgary,Alberta,27.9
,11-07-2024,Edmonton,Alberta,27.9
,11-07-2024,Ottawa,Ontario,17.6
,11-07-2024,Winnipeg,Manitoba,28
,11-07-2024,Hamilton,Ontario,34.6
,11-07-2024,Kitchener,Ontario,33.2
,11-07-2024,Waterloo,Ontario,23.8
,12-07-2024,Toronto,Ontario,15.8
,12-07-2024,Vancouver,British Columbia,22.2
,12-07-2024,Montreal,Quebec,31.5
,12-07-2024,Calgary,Alberta,29
,12-07-2024,Edmonton,Alberta,24.2
,12-07-2024,Ottawa,Ontario,16.1
,12-07-2024,Winnipeg,Manitoba,23.5
,12-07-2024,Hamilton,Ontario,24.4
,12-07-2024,Kitchener,Ontario,33.6
,12-07-2024,Waterloo,Ontario,27.8
,13-07-2024,Toronto,Ontario,21.2
,13-07-2024,Vancouver,British Columbia,25.5
,13-07-2024,Montreal,Quebec,16.3
,13-07-2024,Calgary,Alberta,34.5
,13-07-2024,Edmonton,Alberta,22.2
,13-07-2024,Ottawa,Ontario,24.6
,13-07-2024,Winnipeg,Manitoba,22.1
,13-07-2024,Hamilton,Ontario,28.7
,13-07-2024,Kitchener,Ontario,28.2
,13-07-2024,Waterloo,Ontario,29.3
,14-07-2024,Toronto,Ontario,20.4
,14-07-2024,Vancouver,British Columbia,21.3
,14-07-2024,Montreal,Quebec,17.5
,14-07-2024,Calgary,Alberta,28.1
,14-07-2024,Edmonton,Alberta,15.8
,14-07-2024,Ottawa,Ontario,27
,14-07-2024,Winnipeg,Manitoba,32.4
,14-07-2024,Hamilton,Ontario,32.8
,14-07-2024,Kitchener,Ontario,24
,14-07-2024,Waterloo,Ontario,24.2
,15-07-2024,Toronto,Ontario,16.5
,15-07-2024,Vancouver,British Columbia,28.4
,15-07-2024,Montreal,Quebec,31.4
,15-07-2024,Calgary,Alberta,19.9
,15-07-2024,Edmonton,Alberta,23.4
,15-07-2024,Ottawa,Ontario,31.8
,15-07-2024,Winnipeg,Manitoba,32.5
,15-07-2024,Hamilton,Ontario,19.9
,15-07-2024,Kitchener,Ontario,26
,15-07-2024,Waterloo,Ontario,18.8
,16-07-2024,Toronto,Ontario,17
,16-07-2024,Vancouver,British Columbia,33.2
,16-07-2024,Montreal,Quebec,31.4
,16-07-2024,Calgary,Alberta,30.2
,16-07-2024,Edmonton,Alberta,16
,16-07-2024,Ottawa,Ontario,31.9
,16-07-2024,Winnipeg,Manitoba,23.8
,16-07-2024,Hamilton,Ontario,21.8
,16-07-2024,Kitchener,Ontario,25.9
,16-07-2024,Waterloo,Ontario,16.8
,17-07-2024,Toronto,Ontario,30.1
,17-07-2024,Vancouver,British Columbia,26.6
,17-07-2024,Montreal,Quebec,18.7
,17-07-2024,Calgary,Alberta,18.8
,17-07-2024,Edmonton,Alberta,18.7
,17-07-2024,Ottawa,Ontario,16.1
,17-07-2024,Winnipeg,Manitoba,26.8
,17-07-2024,Hamilton,Ontario,31.8
,17-07-2024,Kitchener,Ontario,15.3
,17-07-2024,Waterloo,Ontario,16
,18-07-2024,Toronto,Ontario,26.5
,18-07-2024,Vancouver,British Columbia,31.4
,18-07-2024,Montreal,Quebec,21.5
,18-07-2024,Calgary,Alberta,22
,18-07-2024,Edmonton,Alberta,26.9
,18-07-2024,Ottawa,Ontario,20.5
,18-07-2024,Winnipeg,Manitoba,15.5
,18-07-2024,Hamilton,Ontario,29.7
,18-07-2024,Kitchener,Ontario,27.5
,18-07-2024,Waterloo,Ontario,26.6
,19-07-2024,Toronto,Ontario,29.8
,19-07-2024,Vancouver,British Columbia,28.5
,19-07-2024,Montreal,Quebec,19.1
,19-07-2024,Calgary,Alberta,22
,19-07-2024,Edmonton,Alberta,17.5
,19-07-2024,Ottawa,Ontario,17.6
,19-07-2024,Winnipeg,Manitoba,28.5
,19-07-2024,Hamilton,Ontario,32.2
,19-07-2024,Kitchener,Ontario,34.3
,19-07-2024,Waterloo,Ontario,27.6
,20-07-2024,Toronto,Ontario,18.7
,20-07-2024,Vancouver,British Columbia,17.1
,20-07-2024,Montreal,Quebec,31.3
,20-07-2024,Calgary,Alberta,26.6
,20-07-2024,Edmonton,Alberta,27.4
,20-07-2024,Ottawa,Ontario,30.6
,20-07-2024,Winnipeg,Manitoba,29.1
,20-07-2024,Hamilton,Ontario,31.7
,20-07-2024,Kitchener,Ontario,16.1
,20-07-2024,Waterloo,Ontario,30
,21-07-2024,Toronto,Ontario,32
,21-07-2024,Vancouver,British Columbia,20.7
,21-07-2024,Montreal,Quebec,27.8
,21-07-2024,Calgary,Alberta,21.3
,21-07-2024,Edmonton,Alberta,34.2
,21-07-2024,Ottawa,Ontario,15.7
,21-07-2024,Winnipeg,Manitoba,26.6
,21-07-2024,Hamilton,Ontario,18.3
,21-07-2024,Kitchener,Ontario,29.2
,21-07-2024,Waterloo,Ontario,18.5
,22-07-2024,Toronto,Ontario,19.7
,22-07-2024,Vancouver,British Columbia,24.9
,22-07-2024,Montreal,Quebec,33.3
,22-07-2024,Calgary,Alberta,19.2
,22-07-2024,Edmonton,Alberta,17.9
,22-07-2024,Ottawa,Ontario,30.2
,22-07-2024,Winnipeg,Manitoba,25
,22-07-2024,Hamilton,Ontario,33.2
,22-07-2024,Kitchener,Ontario,17.9
,22-07-2024,Waterloo,Ontario,27.9
,23-07-2024,Toronto,Ontario,19.7
,23-07-2024,Vancouver,British Columbia,18.1
,23-07-2024,Montreal,Quebec,28.7
,23-07-2024,Calgary,Alberta,26.9
,23-07-2024,Edmonton,Alberta,30.1
,23-07-2024,Ottawa,Ontario,21.2
,23-07-2024,Winnipeg,Manitoba,24
,23-07-2024,Hamilton,Ontario,23.1
,23-07-2024,Kitchener,Ontario,34.7
,23-07-2024,Waterloo,Ontario,20.8
,24-07-2024,Toronto,Ontario,20.9
,24-07-2024,Vancouver,British Columbia,22.1
,24-07-2024,Montreal,Quebec,26.3
,24-07-2024,Calgary,Alberta,20
,24-07-2024,Edmonton,Alberta,33.3
,24-07-2024,Ottawa,Ontario,20.3
,24-07-2024,Winnipeg,Manitoba,32.9
,24-07-2024,Hamilton,Ontario,17.1
,24-07-2024,Kitchener,Ontario,28.1
,24-07-2024,Waterloo,Ontario,33.1
,25-07-2024,Toronto,Ontario,18.4
,25-07-2024,Vancouver,British Columbia,34.4
,25-07-2024,Montreal,Quebec,24.1
,25-07-2024,Calgary,Alberta,33.9
,25-07-2024,Edmonton,Alberta,28.5
,25-07-2024,Ottawa,Ontario,21
,25-07-2024,Winnipeg,Manitoba,18.8
,25-07-2024,Hamilton,Ontario,21.1
,25-07-2024,Kitchener,Ontario,16.9
,25-07-2024,Waterloo,Ontario,17.9
,26-07-2024,Toronto,Ontario,17.1
,26-07-2024,Vancouver,British Columbia,23.5
,26-07-2024,Montreal,Quebec,30.9
,26-07-2024,Calgary,Alberta,17.8
,26-07-2024,Edmonton,Alberta,17.6
,26-07-2024,Ottawa,Ontario,27.9
,26-07-2024,Winnipeg,Manitoba,18.9
,26-07-2024,Hamilton,Ontario,17
,26-07-2024,Kitchener,Ontario,18.3
,26-07-2024,Waterloo,Ontario,33.5
,27-07-2024,Toronto,Ontario,31.4
,27-07-2024,Vancouver,British Columbia,22.1
,27-07-2024,Montreal,Quebec,28.1
,27-07-2024,Calgary,Alberta,25.7
,27-07-2024,Edmonton,Alberta,28.5
,27-07-2024,Ottawa,Ontario,28.7
,27-07-2024,Winnipeg,Manitoba,27.6
,27-07-2024,Hamilton,Ontario,20.3
,27-07-2024,Kitchener,Ontario,15.8
,27-07-2024,Waterloo,Ontario,24.1
,28-07-2024,Toronto,Ontario,32.8
,28-07-2024,Vancouver,British Columbia,26.4
,28-07-2024,Montreal,Quebec,31.6
,28-07-2024,Calgary,Alberta,34.8
,28-07-2024,Edmonton,Alberta,18.3
,28-07-2024,Ottawa,Ontario,28.8
,28-07-2024,Winnipeg,Manitoba,28.5
,28-07-2024,Hamilton,Ontario,34.6
,28-07-2024,Kitchener,Ontario,34.7
,28-07-2024,Waterloo,Ontario,28.7
,29-07-2024,Toronto,Ontario,19.9
,29-07-2024,Vancouver,British Columbia,31
,29-07-2024,Montreal,Quebec,17.1
,29-07-2024,Calgary,Alberta,30.6
,29-07-2024,Edmonton,Alberta,33.2
,29-07-2024,Ottawa,Ontario,22.7
,29-07-2024,Winnipeg,Manitoba,27.6
,29-07-2024,Hamilton,Ontario,23.6
,29-07-2024,Kitchener,Ontario,23.8
,29-07-2024,Waterloo,Ontario,21.2
,30-07-2024,Toronto,Ontario,30.2
,30-07-2024,Vancouver,British Columbia,33.7
,30-07-2024,Montreal,Quebec,33.8
,30-07-2024,Calgary,Alberta,18.5
,30-07-2024,Edmonton,Alberta,32.5
,30-07-2024,Ottawa,Ontario,29.7
,30-07-2024,Winnipeg,Manitoba,20.1
,30-07-2024,Hamilton,Ontario,16.3
,30-07-2024,Kitchener,Ontario,20.4
,30-07-2024,Waterloo,Ontario,33.2
,31-07-2024,Toronto,Ontario,27.7
,31-07-2024,Vancouver,British Columbia,29.4
,31-07-2024,Montreal,Quebec,20.1
,31-07-2024,Calgary,Alberta,29.4
,31-07-2024,Edmonton,Alberta,15.6
,31-07-2024,Ottawa,Ontario,22.5
,31-07-2024,Winnipeg,Manitoba,27.5
,31-07-2024,Hamilton,Ontario,17.9
,31-07-2024,Kitchener,Ontario,31.5
,31-07-2024,Waterloo,Ontario,19.7
,01-08-2024,Toronto,Ontario,28
,01-08-2024,Vancouver,British Columbia,23.1
,01-08-2024,Montreal,Quebec,26.9
,01-08-2024,Calgary,Alberta,17.1
,01-08-2024,Edmonton,Alberta,15.3
,01-08-2024,Ottawa,Ontario,33.2
,01-08-2024,Winnipeg,Manitoba,20.4
,01-08-2024,Hamilton,Ontario,31.4
,01-08-2024,Kitchener,Ontario,35
,01-08-2024,Waterloo,Ontario,19.2
,02-08-2024,Toronto,Ontario,20.3
,02-08-2024,Vancouver,British Columbia,28.3
,02-08-2024,Montreal,Quebec,34.3
,02-08-2024,Calgary,Alberta,33.3
,02-08-2024,Edmonton,Alberta,25.1
,02-08-2024,Ottawa,Ontario,30.9
,02-08-2024,Winnipeg,Manitoba,17.7
,02-08-2024,Hamilton,Ontario,34.5
,02-08-2024,Kitchener,Ontario,34.3
,02-08-2024,Waterloo,Ontario,18.3
,03-08-2024,Toronto,Ontario,21
,03-08-2024,Vancouver,British Columbia,17
,03-08-2024,Montreal,Quebec,20.4
,03-08-2024,Calgary,Alberta,31.3
,03-08-2024,Edmonton,Alberta,22.6
,03-08-2024,Ottawa,Ontario,16.8
,03-08-2024,Winnipeg,Manitoba,21.8
,03-08-2024,Hamilton,Ontario,34.6
,03-08-2024,Kitchener,Ontario,27.6
,03-08-2024,Waterloo,Ontario,23.3
,04-08-2024,Toronto,Ontario,18.3
,04-08-2024,Vancouver,British Columbia,34.7
,04-08-2024,Montreal,Quebec,31.4
,04-08-2024,Calgary,Alberta,20.6
,04-08-2024,Edmonton,Alberta,16.4
,04-08-2024,Ottawa,Ontario,16.1
,04-08-2024,Winnipeg,Manitoba,17.4
,04-08-2024,Hamilton,Ontario,26.6
,04-08-2024,Kitchener,Ontario,33.6
,04-08-2024,Waterloo,Ontario,24.9
,05-08-2024,Toronto,Ontario,31.9
,05-08-2024,Vancouver,British Columbia,23.9
,05-08-2024,Montreal,Quebec,29.2
,05-08-2024,Calgary,Alberta,29.6
,05-08-2024,Edmonton,Alberta,18.5
,05-08-2024,Ottawa,Ontario,22.2
,05-08-2024,Winnipeg,Manitoba,27.7
,05-08-2024,Hamilton,Ontario,16.4
,05-08-2024,Kitchener,Ontario,22.2
,05-08-2024,Waterloo,Ontario,25.7
,06-08-2024,Toronto,Ontario,34.9
,06-08-2024,Vancouver,British Columbia,24.5
,06-08-2024,Montreal,Quebec,31.3
,06-08-2024,Calgary,Alberta,23.6
,06-08-2024,Edmonton,Alberta,30.9
,06-08-2024,Ottawa,Ontario,26.9
,06-08-2024,Winnipeg,Manitoba,32.7
,06-08-2024,Hamilton,Ontario,23.2
,06-08-2024,Kitchener,Ontario,27.1
,06-08-2024,Waterloo,Ontario,27.6
,07-08-2024,Toronto,Ontario,23.3
,07-08-2024,Vancouver,British Columbia,17.9
,07-08-2024,Montreal,Quebec,16.9
,07-08-2024,Calgary,Alberta,15.3
,07-08-2024,Edmonton,Alberta,32.5
,07-08-2024,Ottawa,Ontario,19.7
,07-08-2024,Winnipeg,Manitoba,19.2
,07-08-2024,Hamilton,Ontario,29.7
,07-08-2024,Kitchener,Ontario,21.4
,07-08-2024,Waterloo,Ontario,25.1
,08-08-2024,Toronto,Ontario,18.3
,08-08-2024,Vancouver,British Columbia,34.2
,08-08-2024,Montreal,Quebec,32
,08-08-2024,Calgary,Alberta,32.3
,08-08-2024,Edmonton,Alberta,23.1
,08-08-2024,Ottawa,Ontario,30.2
,08-08-2024,Winnipeg,Manitoba,17.9
,08-08-2024,Hamilton,Ontario,15.2
,08-08-2024,Kitchener,Ontario,15.4
,08-08-2024,Waterloo,Ontario,26.7
,09-08-2024,Toronto,Ontario,24.1
,09-08-2024,Vancouver,British Columbia,25.4
,09-08-2024,Montreal,Quebec,15.1
,09-08-2024,Calgary,Alberta,23.5
,09-08-2024,Edmonton,Alberta,29.4
,09-08-2024,Ottawa,Ontario,23.9
,09-08-2024,Winnipeg,Manitoba,29.6
,09-08-2024,Hamilton,Ontario,19.7
,09-08-2024,Kitchener,Ontario,31.3
,09-08-2024,Waterloo,Ontario,26.8
,10-08-2024,Toronto,Ontario,19.2
,10-08-2024,Vancouver,British Columbia,19.7
,10-08-2024,Montreal,Quebec,27.6
,10-08-2024,Calgary,Alberta,31.6
,10-08-2024,Edmonton,Alberta,23.3
,10-08-2024,Ottawa,Ontario,20.2
,10-08-2024,Winnipeg,Manitoba,32.3
,10-08-2024,Hamilton,Ontario,28.4
,10-08-2024,Kitchener,Ontario,24
,10-08-2024,Waterloo,Ontario,24.8
,11-08-2024,Toronto,Ontario,19.1
,11-08-2024,Vancouver,British Columbia,27.5
,11-08-2024,Montreal,Quebec,22.2
,11-08-2024,Calgary,Alberta,34.9
,11-08-2024,Edmonton,Alberta,24.6
,11-08-2024,Ottawa,Ontario,24.7
,11-08-2024,Winnipeg,Manitoba,26.3
,11-08-2024,Hamilton,Ontario,33.3
,11-08-2024,Kitchener,Ontario,31
,11-08-2024,Waterloo,Ontario,24
,12-08-2024,Toronto,Ontario,29.4
,12-08-2024,Vancouver,British Columbia,26.7
,12-08-2024,Montreal,Quebec,24.8
,12-08-2024,Calgary,Alberta,18.8
,12-08-2024,Edmonton,Alberta,24.3
,12-08-2024,Ottawa,Ontario,19.9
,12-08-2024,Winnipeg,Manitoba,33.3
,12-08-2024,Hamilton,Ontario,21.7
,12-08-2024,Kitchener,Ontario,34
,12-08-2024,Waterloo,Ontario,25.7
,13-08-2024,Toronto,Ontario,27.6
,13-08-2024,Vancouver,British Columbia,25.9
,13-08-2024,Montreal,Quebec,17.6
,13-08-2024,Calgary,Alberta,22.5
,13-08-2024,Edmonton,Alberta,17
,13-08-2024,Ottawa,Ontario,27.5
,13-08-2024,Winnipeg,Manitoba,23.9
,13-08-2024,Hamilton,Ontario,30.6
,13-08-2024,Kitchener,Ontario,19.4
,13-08-2024,Waterloo,Ontario,18.3
,14-08-2024,Toronto,Ontario,23.1
,14-08-2024,Vancouver,British Columbia,33.5
,14-08-2024,Montreal,Quebec,29.2
,14-08-2024,Calgary,Alberta,23.4
,14-08-2024,Edmonton,Alberta,25.3
,14-08-2024,Ottawa,Ontario,16.7
,14-08-2024,Winnipeg,Manitoba,34.7
,14-08-2024,Hamilton,Ontario,28.3
,14-08-2024,Kitchener,Ontario,20.7
,14-08-2024,Waterloo,Ontario,26.7
,15-08-2024,Toronto,Ontario,17.2
,15-08-2024,Vancouver,British Columbia,34.3
,15-08-2024,Montreal,Quebec,18.5
,15-08-2024,Calgary,Alberta,28
,15-08-2024,Edmonton,Alberta,19.9
,15-08-2024,Ottawa,Ontario,29.4
,15-08-2024,Winnipeg,Manitoba,30.5
,15-08-2024,Hamilton,Ontario,28.5
,15-08-2024,Kitchener,Ontario,27.3
,15-08-2024,Waterloo,Ontario,32.8
,16-08-2024,Toronto,Ontario,16.6
,16-08-2024,Vancouver,British Columbia,21.6
,16-08-2024,Montreal,Quebec,20
,16-08-2024,Calgary,Alberta,34.8
,16-08-2024,Edmonton,Alberta,22.8
,16-08-2024,Ottawa,Ontario,29.7
,16-08-2024,Winnipeg,Manitoba,28.7
,16-08-2024,Hamilton,Ontario,19.2
,16-08-2024,Kitchener,Ontario,19.8
,16-08-2024,Waterloo,Ontario,20.6
,17-08-2024,Toronto,Ontario,23.2
,17-08-2024,Vancouver,British Columbia,19.7
,17-08-2024,Montreal,Quebec,15.4
,17-08-2024,Calgary,Alberta,32.6
,17-08-2024,Edmonton,Alberta,34.3
,17-08-2024,Ottawa,Ontario,21.8
,17-08-2024,Winnipeg,Manitoba,21.8
,17-08-2024,Hamilton,Ontario,15.1
,17-08-2024,Kitchener,Ontario,28.6
,17-08-2024,Waterloo,Ontario,31.5
,18-08-2024,Toronto,Ontario,17.9
,18-08-2024,Vancouver,British Columbia,18.2
,18-08-2024,Montreal,Quebec,30.8
,18-08-2024,Calgary,Alberta,27.3
,18-08-2024,Edmonton,Alberta,15.9
,18-08-2024,Ottawa,Ontario,27.5
,18-08-2024,Winnipeg,Manitoba,21.2
,18-08-2024,Hamilton,Ontario,22.4
,18-08-2024,Kitchener,Ontario,30.4
,18-08-2024,Waterloo,Ontario,31.2
,19-08-2024,Toronto,Ontario,23
,19-08-2024,Vancouver,British Columbia,33.9
,19-08-2024,Montreal,Quebec,23.1
,19-08-2024,Calgary,Alberta,30.4
,19-08-2024,Edmonton,Alberta,24.7
,19-08-2024,Ottawa,Ontario,33
,19-08-2024,Winnipeg,Manitoba,33.2
,19-08-2024,Hamilton,Ontario,16.7
,19-08-2024,Kitchener,Ontario,33.7
,19-08-2024,Waterloo,Ontario,31.5
,20-08-2024,Toronto,Ontario,30.8
,20-08-2024,Vancouver,British Columbia,19
,20-08-2024,Montreal,Quebec,31.1
,20-08-2024,Calgary,Alberta,32
,20-08-2024,Edmonton,Alberta,20.8
,20-08-2024,Ottawa,Ontario,34
,20-08-2024,Winnipeg,Manitoba,16
,20-08-2024,Hamilton,Ontario,18
,20-08-2024,Kitchener,Ontario,25.8
,20-08-2024,Waterloo,Ontario,26.5
,21-08-2024,Toronto,Ontario,27.9
,21-08-2024,Vancouver,British Columbia,15.3
,21-08-2024,Montreal,Quebec,34.2
,21-08-2024,Calgary,Alberta,15.9
,21-08-2024,Edmonton,Alberta,17.9
,21-08-2024,Ottawa,Ontario,15.3
,21-08-2024,Winnipeg,Manitoba,26.3
,21-08-2024,Hamilton,Ontario,33.6
,21-08-2024,Kitchener,Ontario,28.3
,21-08-2024,Waterloo,Ontario,31.5
,22-08-2024,Toronto,Ontario,15.3
,22-08-2024,Vancouver,British Columbia,25.8
,22-08-2024,Montreal,Quebec,24.2
,22-08-2024,Calgary,Alberta,25
,22-08-2024,Edmonton,Alberta,16.4
,22-08-2024,Ottawa,Ontario,28.7
,22-08-2024,Winnipeg,Manitoba,25.1
,22-08-2024,Hamilton,Ontario,30.3
,22-08-2024,Kitchener,Ontario,24.7
,22-08-2024,Waterloo,Ontario,18
,23-08-2024,Toronto,Ontario,28
,23-08-2024,Vancouver,British Columbia,18.4
,23-08-2024,Montreal,Quebec,32.4
,23-08-2024,Calgary,Alberta,27.3
,23-08-2024,Edmonton,Alberta,18.1
,23-08-2024,Ottawa,Ontario,34.2
,23-08-2024,Winnipeg,Manitoba,25.4
,23-08-2024,Hamilton,Ontario,16.5
,23-08-2024,Kitchener,Ontario,27.5
,23-08-2024,Waterloo,Ontario,20.1
,24-08-2024,Toronto,Ontario,31.1
,24-08-2024,Vancouver,British Columbia,31.4
,24-08-2024,Montreal,Quebec,34.6
,24-08-2024,Calgary,Alberta,25
,24-08-2024,Edmonton,Alberta,24.1
,24-08-2024,Ottawa,Ontario,30.1
,24-08-2024,Winnipeg,Manitoba,17.6
,24-08-2024,Hamilton,Ontario,25.9
,24-08-2024,Kitchener,Ontario,25.9
,24-08-2024,Waterloo,Ontario,16.8
,25-08-2024,Toronto,Ontario,23.4
,25-08-2024,Vancouver,British Columbia,32.1
,25-08-2024,Montreal,Quebec,32.1
,25-08-2024,Calgary,Alberta,17
,25-08-2024,Edmonton,Alberta,16.8
,25-08-2024,Ottawa,Ontario,20.3
,25-08-2024,Winnipeg,Manitoba,32.5
,25-08-2024,Hamilton,Ontario,17.6
,25-08-2024,Kitchener,Ontario,29.4
,25-08-2024,Waterloo,Ontario,17
,26-08-2024,Toronto,Ontario,27.5
,26-08-2024,Vancouver,British Columbia,22.1
,26-08-2024,Montreal,Quebec,30.8
,26-08-2024,Calgary,Alberta,19.7
,26-08-2024,Edmonton,Alberta,27.8
,26-08-2024,Ottawa,Ontario,19.7
,26-08-2024,Winnipeg,Manitoba,29.3
,26-08-2024,Hamilton,Ontario,32.5
,26-08-2024,Kitchener,Ontario,17.5
,26-08-2024,Waterloo,Ontario,32.3
,27-08-2024,Toronto,Ontario,26.9
,27-08-2024,Vancouver,British Columbia,17.5
,27-08-2024,Montreal,Quebec,23.6
,27-08-2024,Calgary,Alberta,18.2
,27-08-2024,Edmonton,Alberta,29
,27-08-2024,Ottawa,Ontario,30.2
,27-08-2024,Winnipeg,Manitoba,17.1
,27-08-2024,Hamilton,Ontario,25.1
,27-08-2024,Kitchener,Ontario,31.3
,27-08-2024,Waterloo,Ontario,33.7
,28-08-2024,Toronto,Ontario,25.3
,28-08-2024,Vancouver,British Columbia,34
,28-08-2024,Montreal,Quebec,25.7
,28-08-2024,Calgary,Alberta,22.9
,28-08-2024,Edmonton,Alberta,32
,28-08-2024,Ottawa,Ontario,24.9
,28-08-2024,Winnipeg,Manitoba,24.4
,28-08-2024,Hamilton,Ontario,24.8
,28-08-2024,Kitchener,Ontario,31.9
,28-08-2024,Waterloo,Ontario,31.6
,29-08-2024,Toronto,Ontario,23.1
,29-08-2024,Vancouver,British Columbia,21.7
,29-08-2024,Montreal,Quebec,24.8
,29-08-2024,Calgary,Alberta,26.5
,29-08-2024,Edmonton,Alberta,19.8
,29-08-2024,Ottawa,Ontario,30.9
,29-08-2024,Winnipeg,Manitoba,24.7
,29-08-2024,Hamilton,Ontario,21.7
,29-08-2024,Kitchener,Ontario,17.1
,29-08-2024,Waterloo,Ontario,19.8
,30-08-2024,Toronto,Ontario,34
,30-08-2024,Vancouver,British Columbia,21.1
,30-08-2024,Montreal,Quebec,18.4
,30-08-2024,Calgary,Alberta,24.2
,30-08-2024,Edmonton,Alberta,21.1
,30-08-2024,Ottawa,Ontario,15.7
,30-08-2024,Winnipeg,Manitoba,21.5
,30-08-2024,Hamilton,Ontario,25.9
,30-08-2024,Kitchener,Ontario,26
,30-08-2024,Waterloo,Ontario,22.1
,31-08-2024,Toronto,Ontario,23.9
,31-08-2024,Vancouver,British Columbia,34.3
,31-08-2024,Montreal,Quebec,22.5
,31-08-2024,Calgary,Alberta,20.2
,31-08-2024,Edmonton,Alberta,19.9
,31-08-2024,Ottawa,Ontario,24.2
,31-08-2024,Winnipeg,Manitoba,30.2
,31-08-2024,Hamilton,Ontario,19.1
,31-08-2024,Kitchener,Ontario,29.2
,31-08-2024,Waterloo,Ontario,15.4
,01-09-2024,Toronto,Ontario,11.3
,01-09-2024,Vancouver,British Columbia,16.6
,01-09-2024,Montreal,Quebec,10.1
,01-09-2024,Calgary,Alberta,13.5
,01-09-2024,Edmonton,Alberta,8.1
,01-09-2024,Ottawa,Ontario,16.1
,01-09-2024,Winnipeg,Manitoba,5.8
,01-09-2024,Hamilton,Ontario,17.8
,01-09-2024,Kitchener,Ontario,8
,01-09-2024,Waterloo,Ontario,18.1
,02-09-2024,Toronto,Ontario,10.3
,02-09-2024,Vancouver,British Columbia,15.8
,02-09-2024,Montreal,Quebec,9.8
,02-09-2024,Calgary,Alberta,18.6
,02-09-2024,Edmonton,Alberta,6.9
,02-09-2024,Ottawa,Ontario,7.7
,02-09-2024,Winnipeg,Manitoba,12.4
,02-09-2024,Hamilton,Ontario,6.2
,02-09-2024,Kitchener,Ontario,7.9
,02-09-2024,Waterloo,Ontario,19.2
,03-09-2024,Toronto,Ontario,19.6
,03-09-2024,Vancouver,British Columbia,10.6
,03-09-2024,Montreal,Quebec,18.8
,03-09-2024,Calgary,Alberta,13.2
,03-09-2024,Edmonton,Alberta,9
,03-09-2024,Ottawa,Ontario,15.5
,03-09-2024,Winnipeg,Manitoba,14.9
,03-09-2024,Hamilton,Ontario,19.8
,03-09-2024,Kitchener,Ontario,9
,03-09-2024,Waterloo,Ontario,15.1
,04-09-2024,Toronto,Ontario,5.8
,04-09-2024,Vancouver,British Columbia,6.7
,04-09-2024,Montreal,Quebec,5.1
,04-09-2024,Calgary,Alberta,20
,04-09-2024,Edmonton,Alberta,17
,04-09-2024,Ottawa,Ontario,16.8
,04-09-2024,Winnipeg,Manitoba,12.6
,04-09-2024,Hamilton,Ontario,9.5
,04-09-2024,Kitchener,Ontario,7.3
,04-09-2024,Waterloo,Ontario,9.3
,05-09-2024,Toronto,Ontario,10.6
,05-09-2024,Vancouver,British Columbia,16.3
,05-09-2024,Montreal,Quebec,13.1
,05-09-2024,Calgary,Alberta,6.2
,05-09-2024,Edmonton,Alberta,5.3
,05-09-2024,Ottawa,Ontario,6.5
,05-09-2024,Winnipeg,Manitoba,11.2
,05-09-2024,Hamilton,Ontario,19
,05-09-2024,Kitchener,Ontario,14.6
,05-09-2024,Waterloo,Ontario,17
,06-09-2024,Toronto,Ontario,12
,06-09-2024,Vancouver,British Columbia,10.4
,06-09-2024,Montreal,Quebec,6.6
,06-09-2024,Calgary,Alberta,18.1
,06-09-2024,Edmonton,Alberta,16.7
,06-09-2024,Ottawa,Ontario,7.5
,06-09-2024,Winnipeg,Manitoba,12.7
,06-09-2024,Hamilton,Ontario,12.3
,06-09-2024,Kitchener,Ontario,14.4
,06-09-2024,Waterloo,Ontario,19.2
,07-09-2024,Toronto,Ontario,13.7
,07-09-2024,Vancouver,British Columbia,13.1
,07-09-2024,Montreal,Quebec,5.8
,07-09-2024,Calgary,Alberta,5.9
,07-09-2024,Edmonton,Alberta,7.8
,07-09-2024,Ottawa,Ontario,5.5
,07-09-2024,Winnipeg,Manitoba,16.2
,07-09-2024,Hamilton,Ontario,15.8
,07-09-2024,Kitchener,Ontario,7
,07-09-2024,Waterloo,Ontario,17.5
,08-09-2024,Toronto,Ontario,7.3
,08-09-2024,Vancouver,British Columbia,9.5
,08-09-2024,Montreal,Quebec,8.7
,08-09-2024,Calgary,Alberta,10.6
,08-09-2024,Edmonton,Alberta,8.8
,08-09-2024,Ottawa,Ontario,12.3
,08-09-2024,Winnipeg,Manitoba,11.1
,08-09-2024,Hamilton,Ontario,19.8
,08-09-2024,Kitchener,Ontario,5.8
,08-09-2024,Waterloo,Ontario,7.1
,09-09-2024,Toronto,Ontario,5.8
,09-09-2024,Vancouver,British Columbia,14.4
,09-09-2024,Montreal,Quebec,5.8
,09-09-2024,Calgary,Alberta,17.5
,09-09-2024,Edmonton,Alberta,12.7
,09-09-2024,Ottawa,Ontario,12.9
,09-09-2024,Winnipeg,Manitoba,13.4
,09-09-2024,Hamilton,Ontario,7.6
,09-09-2024,Kitchener,Ontario,8
,09-09-2024,Waterloo,Ontario,9.8
,10-09-2024,Toronto,Ontario,13.9
,10-09-2024,Vancouver,British Columbia,8.2
,10-09-2024,Montreal,Quebec,6.7
,10-09-2024,Calgary,Alberta,19.6
,10-09-2024,Edmonton,Alberta,5.3
,10-09-2024,Ottawa,Ontario,17
,10-09-2024,Winnipeg,Manitoba,16.8
,10-09-2024,Hamilton,Ontario,9.5
,10-09-2024,Kitchener,Ontario,7
,10-09-2024,Waterloo,Ontario,7.2
,11-09-2024,Toronto,Ontario,15.5
,11-09-2024,Vancouver,British Columbia,14.6
,11-09-2024,Montreal,Quebec,16.7
,11-09-2024,Calgary,Alberta,19.1
,11-09-2024,Edmonton,Alberta,15.4
,11-09-2024,Ottawa,Ontario,7.3
,11-09-2024,Winnipeg,Manitoba,8.7
,11-09-2024,Hamilton,Ontario,17.6
,11-09-2024,Kitchener,Ontario,8.1
,11-09-2024,Waterloo,Ontario,6.1
,12-09-2024,Toronto,Ontario,15.5
,12-09-2024,Vancouver,British Columbia,11
,12-09-2024,Montreal,Quebec,18.8
,12-09-2024,Calgary,Alberta,14.8
,12-09-2024,Edmonton,Alberta,6.4
,12-09-2024,Ottawa,Ontario,19.2
,12-09-2024,Winnipeg,Manitoba,8.9
,12-09-2024,Hamilton,Ontario,10.1
,12-09-2024,Kitchener,Ontario,11
,12-09-2024,Waterloo,Ontario,5.8
,13-09-2024,Toronto,Ontario,12.4
,13-09-2024,Vancouver,British Columbia,6.8
,13-09-2024,Montreal,Quebec,11
,13-09-2024,Calgary,Alberta,10.3
,13-09-2024,Edmonton,Alberta,16.6
,13-09-2024,Ottawa,Ontario,17
,13-09-2024,Winnipeg,Manitoba,7.3
,13-09-2024,Hamilton,Ontario,10.5
,13-09-2024,Kitchener,Ontario,10.6
,13-09-2024,Waterloo,Ontario,7.3
,14-09-2024,Toronto,Ontario,17
,14-09-2024,Vancouver,British Columbia,15.6
,14-09-2024,Montreal,Quebec,7.9
,14-09-2024,Calgary,Alberta,10.5
,14-09-2024,Edmonton,Alberta,6.6
,14-09-2024,Ottawa,Ontario,14.4
,14-09-2024,Winnipeg,Manitoba,6.8
,14-09-2024,Hamilton,Ontario,19.8
,14-09-2024,Kitchener,Ontario,16.7
,14-09-2024,Waterloo,Ontario,10.9
,15-09-2024,Toronto,Ontario,13.7
,15-09-2024,Vancouver,British Columbia,18.7
,15-09-2024,Montreal,Quebec,13.3
,15-09-2024,Calgary,Alberta,7.6
,15-09-2024,Edmonton,Alberta,10.7
,15-09-2024,Ottawa,Ontario,17.6
,15-09-2024,Winnipeg,Manitoba,14.7
,15-09-2024,Hamilton,Ontario,14.8
,15-09-2024,Kitchener,Ontario,18
,15-09-2024,Waterloo,Ontario,18.4
,16-09-2024,Toronto,Ontario,18.8
,16-09-2024,Vancouver,British Columbia,6.4
,16-09-2024,Montreal,Quebec,13.2
,16-09-2024,Calgary,Alberta,16.1
,16-09-2024,Edmonton,Alberta,16.4
,16-09-2024,Ottawa,Ontario,14.1
,16-09-2024,Winnipeg,Manitoba,7.5
,16-09-2024,Hamilton,Ontario,17
,16-09-2024,Kitchener,Ontario,15.8
,16-09-2024,Waterloo,Ontario,6.3
,17-09-2024,Toronto,Ontario,12
,17-09-2024,Vancouver,British Columbia,7.6
,17-09-2024,Montreal,Quebec,10.1
,17-09-2024,Calgary,Alberta,5.3
,17-09-2024,Edmonton,Alberta,11
,17-09-2024,Ottawa,Ontario,13.2
,17-09-2024,Winnipeg,Manitoba,14.3
,17-09-2024,Hamilton,Ontario,15
,17-09-2024,Kitchener,Ontario,17.5
,17-09-2024,Waterloo,Ontario,8.2
,18-09-2024,Toronto,Ontario,6.8
,18-09-2024,Vancouver,British Columbia,17.8
,18-09-2024,Montreal,Quebec,7.3
,18-09-2024,Calgary,Alberta,19.6
,18-09-2024,Edmonton,Alberta,17.6
,18-09-2024,Ottawa,Ontario,12.5
,18-09-2024,Winnipeg,Manitoba,19.7
,18-09-2024,Hamilton,Ontario,6.5
,18-09-2024,Kitchener,Ontario,9.5
,18-09-2024,Waterloo,Ontario,14.6
,19-09-2024,Toronto,Ontario,10.3
,19-09-2024,Vancouver,British Columbia,18.9
,19-09-2024,Montreal,Quebec,6
,19-09-2024,Calgary,Alberta,13.2
,19-09-2024,Edmonton,Alberta,13.9
,19-09-2024,Ottawa,Ontario,14.8
,19-09-2024,Winnipeg,Manitoba,8.8
,19-09-2024,Hamilton,Ontario,10.5
,19-09-2024,Kitchener,Ontario,17.7
,19-09-2024,Waterloo,Ontario,7.9
,20-09-2024,Toronto,Ontario,17.4
,20-09-2024,Vancouver,British Columbia,13.4
,20-09-2024,Montreal,Quebec,16.4
,20-09-2024,Calgary,Alberta,15.7
,20-09-2024,Edmonton,Alberta,8.1
,20-09-2024,Ottawa,Ontario,13.5
,20-09-2024,Winnipeg,Manitoba,18
,20-09-2024,Hamilton,Ontario,11.5
,20-09-2024,Kitchener,Ontario,19.5
,20-09-2024,Waterloo,Ontario,11.8
,21-09-2024,Toronto,Ontario,7.1
,21-09-2024,Vancouver,British Columbia,10.8
,21-09-2024,Montreal,Quebec,19.3
,21-09-2024,Calgary,Alberta,9.8
,21-09-2024,Edmonton,Alberta,18
,21-09-2024,Ottawa,Ontario,18.2
,21-09-2024,Winnipeg,Manitoba,10.3
,21-09-2024,Hamilton,Ontario,6.2
,21-09-2024,Kitchener,Ontario,15.9
,21-09-2024,Waterloo,Ontario,9.7
,22-09-2024,Toronto,Ontario,16.7
,22-09-2024,Vancouver,British Columbia,11.6
,22-09-2024,Montreal,Quebec,12.3
,22-09-2024,Calgary,Alberta,16.7
,22-09-2024,Edmonton,Alberta,10.7
,22-09-2024,Ottawa,Ontario,11.6
,22-09-2024,Winnipeg,Manitoba,10.6
,22-09-2024,Hamilton,Ontario,10.5
,22-09-2024,Kitchener,Ontario,12.9
,22-09-2024,Waterloo,Ontario,17.1
,23-09-2024,Toronto,Ontario,10.4
,23-09-2024,Vancouver,British Columbia,12.9
,23-09-2024,Montreal,Quebec,15.1
,23-09-2024,Calgary,Alberta,9
,23-09-2024,Edmonton,Alberta,9.2
,23-09-2024,Ottawa,Ontario,19
,23-09-2024,Winnipeg,Manitoba,15.9
,23-09-2024,Hamilton,Ontario,13.7
,23-09-2024,Kitchener,Ontario,14.7
,23-09-2024,Waterloo,Ontario,5.4
,24-09-2024,Toronto,Ontario,14.3
,24-09-2024,Vancouver,British Columbia,12.6
,24-09-2024,Montreal,Quebec,13.2
,24-09-2024,Calgary,Alberta,10.4
,24-09-2024,Edmonton,Alberta,6.2
,24-09-2024,Ottawa,Ontario,7.9
,24-09-2024,Winnipeg,Manitoba,19.3
,24-09-2024,Hamilton,Ontario,11.1
,24-09-2024,Kitchener,Ontario,12
,24-09-2024,Waterloo,Ontario,5.8
,25-09-2024,Toronto,Ontario,5.6
,25-09-2024,Vancouver,British Columbia,15.8
,25-09-2024,Montreal,Quebec,13.1
,25-09-2024,Calgary,Alberta,12.6
,25-09-2024,Edmonton,Alberta,8.6
,25-09-2024,Ottawa,Ontario,16.2
,25-09-2024,Winnipeg,Manitoba,7.5
,25-09-2024,Hamilton,Ontario,7.8
,25-09-2024,Kitchener,Ontario,11.9
,25-09-2024,Waterloo,Ontario,9.3
,26-09-2024,Toronto,Ontario,8.7
,26-09-2024,Vancouver,British Columbia,14.7
,26-09-2024,Montreal,Quebec,14.8
,26-09-2024,Calgary,Alberta,17.4
,26-09-2024,Edmonton,Alberta,11.3
,26-09-2024,Ottawa,Ontario,6.1
,26-09-2024,Winnipeg,Manitoba,9.1
,26-09-2024,Hamilton,Ontario,19.7
,26-09-2024,Kitchener,Ontario,13.9
,26-09-2024,Waterloo,Ontario,15.6
,27-09-2024,Toronto,Ontario,5.1
,27-09-2024,Vancouver,British Columbia,12.8
,27-09-2024,Montreal,Quebec,5.6
,27-09-2024,Calgary,Alberta,13.5
,27-09-2024,Edmonton,Alberta,18.8
,27-09-2024,Ottawa,Ontario,19.5
,27-09-2024,Winnipeg,Manitoba,13.1
,27-09-2024,Hamilton,Ontario,11.9
,27-09-2024,Kitchener,Ontario,19.2
,27-09-2024,Waterloo,Ontario,15.1
,28-09-2024,Toronto,Ontario,6
,28-09-2024,Vancouver,British Columbia,12
,28-09-2024,Montreal,Quebec,8.6
,28-09-2024,Calgary,Alberta,12
,28-09-2024,Edmonton,Alberta,11.8
,28-09-2024,Ottawa,Ontario,13.7
,28-09-2024,Winnipeg,Manitoba,10.4
,28-09-2024,Hamilton,Ontario,7.5
,28-09-2024,Kitchener,Ontario,12.6
,28-09-2024,Waterloo,Ontario,17.5
,29-09-2024,Toronto,Ontario,15
,29-09-2024,Vancouver,British Columbia,10.1
,29-09-2024,Montreal,Quebec,19
,29-09-2024,Calgary,Alberta,18.7
,29-09-2024,Edmonton,Alberta,8.1
,29-09-2024,Ottawa,Ontario,5.6
,29-09-2024,Winnipeg,Manitoba,16.1
,29-09-2024,Hamilton,Ontario,17.4
,29-09-2024,Kitchener,Ontario,19.5
,29-09-2024,Waterloo,Ontario,18.3
,30-09-2024,Toronto,Ontario,14
,30-09-2024,Vancouver,British Columbia,13
,30-09-2024,Montreal,Quebec,5.4
,30-09-2024,Calgary,Alberta,8.7
,30-09-2024,Edmonton,Alberta,11.9
,30-09-2024,Ottawa,Ontario,14.4
,30-09-2024,Winnipeg,Manitoba,13.4
,30-09-2024,Hamilton,Ontario,16.1
,30-09-2024,Kitchener,Ontario,9.2
,30-09-2024,Waterloo,Ontario,13.5
,01-10-2024,Toronto,Ontario,6.3
,01-10-2024,Vancouver,British Columbia,11.2
,01-10-2024,Montreal,Quebec,16.3
,01-10-2024,Calgary,Alberta,15.4
,01-10-2024,Edmonton,Alberta,19.9
,01-10-2024,Ottawa,Ontario,9.2
,01-10-2024,Winnipeg,Manitoba,12.5
,01-10-2024,Hamilton,Ontario,9.9
,01-10-2024,Kitchener,Ontario,11.6
,01-10-2024,Waterloo,Ontario,17.9
,02-10-2024,Toronto,Ontario,15.3
,02-10-2024,Vancouver,British Columbia,18.2
,02-10-2024,Montreal,Quebec,8.1
,02-10-2024,Calgary,Alberta,18.1
,02-10-2024,Edmonton,Alberta,5.9
,02-10-2024,Ottawa,Ontario,18.3
,02-10-2024,Winnipeg,Manitoba,9.9
,02-10-2024,Hamilton,Ontario,9.7
,02-10-2024,Kitchener,Ontario,12.7
,02-10-2024,Waterloo,Ontario,19.1
,03-10-2024,Toronto,Ontario,5.7
,03-10-2024,Vancouver,British Columbia,10.3
,03-10-2024,Montreal,Quebec,17.8
,03-10-2024,Calgary,Alberta,10.9
,03-10-2024,Edmonton,Alberta,8
,03-10-2024,Ottawa,Ontario,11.4
,03-10-2024,Winnipeg,Manitoba,10.8
,03-10-2024,Hamilton,Ontario,18.7
,03-10-2024,Kitchener,Ontario,16.4
,03-10-2024,Waterloo,Ontario,12.6
,04-10-2024,Toronto,Ontario,19.8
,04-10-2024,Vancouver,British Columbia,12
,04-10-2024,Montreal,Quebec,5.9
,04-10-2024,Calgary,Alberta,8.9
,04-10-2024,Edmonton,Alberta,11.5
,04-10-2024,Ottawa,Ontario,7.4
,04-10-2024,Winnipeg,Manitoba,19.2
,04-10-2024,Hamilton,Ontario,16.5
,04-10-2024,Kitchener,Ontario,9
,04-10-2024,Waterloo,Ontario,13.9
,05-10-2024,Toronto,Ontario,15.8
,05-10-2024,Vancouver,British Columbia,19.1
,05-10-2024,Montreal,Quebec,18.2
,05-10-2024,Calgary,Alberta,12.7
,05-10-2024,Edmonton,Alberta,16.6
,05-10-2024,Ottawa,Ontario,13.4
,05-10-2024,Winnipeg,Manitoba,13.3
,05-10-2024,Hamilton,Ontario,6.7
,05-10-2024,Kitchener,Ontario,6.9
,05-10-2024,Waterloo,Ontario,12.9
,06-10-2024,Toronto,Ontario,9
,06-10-2024,Vancouver,British Columbia,5.3
,06-10-2024,Montreal,Quebec,15.8
,06-10-2024,Calgary,Alberta,5.5
,06-10-2024,Edmonton,Alberta,13.9
,06-10-2024,Ottawa,Ontario,13.1
,06-10-2024,Winnipeg,Manitoba,19.5
,06-10-2024,Hamilton,Ontario,12.3
,06-10-2024,Kitchener,Ontario,6
,06-10-2024,Waterloo,Ontario,13.3
,07-10-2024,Toronto,Ontario,17.6
,07-10-2024,Vancouver,British Columbia,20
,07-10-2024,Montreal,Quebec,11.5
,07-10-2024,Calgary,Alberta,9.8
,07-10-2024,Edmonton,Alberta,18.6
,07-10-2024,Ottawa,Ontario,7.9
,07-10-2024,Winnipeg,Manitoba,14.2
,07-10-2024,Hamilton,Ontario,11.1
,07-10-2024,Kitchener,Ontario,5.6
,07-10-2024,Waterloo,Ontario,10.2
,08-10-2024,Toronto,Ontario,9
,08-10-2024,Vancouver,British Columbia,15.3
,08-10-2024,Montreal,Quebec,19.2
,08-10-2024,Calgary,Alberta,9
,08-10-2024,Edmonton,Alberta,17.2
,08-10-2024,Ottawa,Ontario,5.8
,08-10-2024,Winnipeg,Manitoba,13.1
,08-10-2024,Hamilton,Ontario,6.1
,08-10-2024,Kitchener,Ontario,19
,08-10-2024,Waterloo,Ontario,16.5
,09-10-2024,Toronto,Ontario,14.9
,09-10-2024,Vancouver,British Columbia,17.4
,09-10-2024,Montreal,Quebec,14.7
,09-10-2024,Calgary,Alberta,19.5
,09-10-2024,Edmonton,Alberta,15.7
,09-10-2024,Ottawa,Ontario,18.9
,09-10-2024,Winnipeg,Manitoba,12.8
,09-10-2024,Hamilton,Ontario,6.8
,09-10-2024,Kitchener,Ontario,12.9
,09-10-2024,Waterloo,Ontario,6.9
,10-10-2024,Toronto,Ontario,13.9
,10-10-2024,Vancouver,British Columbia,12.2
,10-10-2024,Montreal,Quebec,14.3
,10-10-2024,Calgary,Alberta,5.2
,10-10-2024,Edmonton,Alberta,7.9
,10-10-2024,Ottawa,Ontario,12.4
,10-10-2024,Winnipeg,Manitoba,19.3
,10-10-2024,Hamilton,Ontario,10.8
,10-10-2024,Kitchener,Ontario,11.4
,10-10-2024,Waterloo,Ontario,15.7
,11-10-2024,Toronto,Ontario,14.1
,11-10-2024,Vancouver,British Columbia,9.5
,11-10-2024,Montreal,Quebec,11.2
,11-10-2024,Calgary,Alberta,8.3
,11-10-2024,Edmonton,Alberta,19.5
,11-10-2024,Ottawa,Ontario,7
,11-10-2024,Winnipeg,Manitoba,10.6
,11-10-2024,Hamilton,Ontario,5.4
,11-10-2024,Kitchener,Ontario,8.3
,11-10-2024,Waterloo,Ontario,16.7
,12-10-2024,Toronto,Ontario,8
,12-10-2024,Vancouver,British Columbia,6.2
,12-10-2024,Montreal,Quebec,12.1
,12-10-2024,Calgary,Alberta,5.1
,12-10-2024,Edmonton,Alberta,6.3
,12-10-2024,Ottawa,Ontario,17.1
,12-10-2024,Winnipeg,Manitoba,16.6
,12-10-2024,Hamilton,Ontario,18.7
,12-10-2024,Kitchener,Ontario,17.8
,12-10-2024,Waterloo,Ontario,15.2
,13-10-2024,Toronto,Ontario,5.8
,13-10-2024,Vancouver,British Columbia,16.7
,13-10-2024,Montreal,Quebec,17.7
,13-10-2024,Calgary,Alberta,17
,13-10-2024,Edmonton,Alberta,12.6
,13-10-2024,Ottawa,Ontario,8.5
,13-10-2024,Winnipeg,Manitoba,17.7
,13-10-2024,Hamilton,Ontario,15.9
,13-10-2024,Kitchener,Ontario,19.7
,13-10-2024,Waterloo,Ontario,7.3
,14-10-2024,Toronto,Ontario,8.4
,14-10-2024,Vancouver,British Columbia,8.2
,14-10-2024,Montreal,Quebec,16.9
,14-10-2024,Calgary,Alberta,7.8
,14-10-2024,Edmonton,Alberta,6
,14-10-2024,Ottawa,Ontario,20
,14-10-2024,Winnipeg,Manitoba,5.4
,14-10-2024,Hamilton,Ontario,17.5
,14-10-2024,Kitchener,Ontario,10.5
,14-10-2024,Waterloo,Ontario,17.6
,15-10-2024,Toronto,Ontario,13.3
,15-10-2024,Vancouver,British Columbia,18.5
,15-10-2024,Montreal,Quebec,18.9
,15-10-2024,Calgary,Alberta,5.1
,15-10-2024,Edmonton,Alberta,6.1
,15-10-2024,Ottawa,Ontario,8.8
,15-10-2024,Winnipeg,Manitoba,15
,15-10-2024,Hamilton,Ontario,18.3
,15-10-2024,Kitchener,Ontario,11.9
,15-10-2024,Waterloo,Ontario,14.1
,16-10-2024,Toronto,Ontario,7.8
,16-10-2024,Vancouver,British Columbia,17.1
,16-10-2024,Montreal,Quebec,19.5
,16-10-2024,Calgary,Alberta,9
,16-10-2024,Edmonton,Alberta,12.4
,16-10-2024,Ottawa,Ontario,6.3
,16-10-2024,Winnipeg,Manitoba,13.4
,16-10-2024,Hamilton,Ontario,12.5
,16-10-2024,Kitchener,Ontario,7.2
,16-10-2024,Waterloo,Ontario,11.6
,17-10-2024,Toronto,Ontario,10
,17-10-2024,Vancouver,British Columbia,12.8
,17-10-2024,Montreal,Quebec,13.8
,17-10-2024,Calgary,Alberta,5.1
,17-10-2024,Edmonton,Alberta,16.4
,17-10-2024,Ottawa,Ontario,15.7
,17-10-2024,Winnipeg,Manitoba,10.5
,17-10-2024,Hamilton,Ontario,5.8
,17-10-2024,Kitchener,Ontario,16.3
,17-10-2024,Waterloo,Ontario,19.3
,18-10-2024,Toronto,Ontario,8.6
,18-10-2024,Vancouver,British Columbia,9.9
,18-10-2024,Montreal,Quebec,7.8
,18-10-2024,Calgary,Alberta,13.7
,18-10-2024,Edmonton,Alberta,7.3
,18-10-2024,Ottawa,Ontario,10.3
,18-10-2024,Winnipeg,Manitoba,15.5
,18-10-2024,Hamilton,Ontario,13.4
,18-10-2024,Kitchener,Ontario,10.8
,18-10-2024,Waterloo,Ontario,11.3
,19-10-2024,Toronto,Ontario,13.4
,19-10-2024,Vancouver,British Columbia,5.1
,19-10-2024,Montreal,Quebec,6.2
,19-10-2024,Calgary,Alberta,18.2
,19-10-2024,Edmonton,Alberta,6.2
,19-10-2024,Ottawa,Ontario,15.6
,19-10-2024,Winnipeg,Manitoba,18.8
,19-10-2024,Hamilton,Ontario,9.1
,19-10-2024,Kitchener,Ontario,10.6
,19-10-2024,Waterloo,Ontario,13.5
,20-10-2024,Toronto,Ontario,18.2
,20-10-2024,Vancouver,British Columbia,19.1
,20-10-2024,Montreal,Quebec,16.1
,20-10-2024,Calgary,Alberta,6.3
,20-10-2024,Edmonton,Alberta,15
,20-10-2024,Ottawa,Ontario,11.2
,20-10-2024,Winnipeg,Manitoba,12.1
,20-10-2024,Hamilton,Ontario,5.7
,20-10-2024,Kitchener,Ontario,7.9
,20-10-2024,Waterloo,Ontario,16.9
,21-10-2024,Toronto,Ontario,11.8
,21-10-2024,Vancouver,British Columbia,9.5
,21-10-2024,Montreal,Quebec,10.8
,21-10-2024,Calgary,Alberta,17.8
,21-10-2024,Edmonton,Alberta,16.2
,21-10-2024,Ottawa,Ontario,9.1
,21-10-2024,Winnipeg,Manitoba,6.8
,21-10-2024,Hamilton,Ontario,8.8
,21-10-2024,Kitchener,Ontario,18.8
,21-10-2024,Waterloo,Ontario,13.7
,22-10-2024,Toronto,Ontario,13
,22-10-2024,Vancouver,British Columbia,13.9
,22-10-2024,Montreal,Quebec,10.5
,22-10-2024,Calgary,Alberta,17.1
,22-10-2024,Edmonton,Alberta,12.8
,22-10-2024,Ottawa,Ontario,6.8
,22-10-2024,Winnipeg,Manitoba,6.9
,22-10-2024,Hamilton,Ontario,13.1
,22-10-2024,Kitchener,Ontario,19
,22-10-2024,Waterloo,Ontario,9.6
,23-10-2024,Toronto,Ontario,18
,23-10-2024,Vancouver,British Columbia,16.5
,23-10-2024,Montreal,Quebec,8.7
,23-10-2024,Calgary,Alberta,5.5
,23-10-2024,Edmonton,Alberta,6.5
,23-10-2024,Ottawa,Ontario,15.9
,23-10-2024,Winnipeg,Manitoba,8
,23-10-2024,Hamilton,Ontario,10.6
,23-10-2024,Kitchener,Ontario,12.5
,23-10-2024,Waterloo,Ontario,15.9
,24-10-2024,Toronto,Ontario,6.7
,24-10-2024,Vancouver,British Columbia,11.1
,24-10-2024,Montreal,Quebec,12.3
,24-10-2024,Calgary,Alberta,13.1
,24-10-2024,Edmonton,Alberta,17.3
,24-10-2024,Ottawa,Ontario,7.6
,24-10-2024,Winnipeg,Manitoba,17.1
,24-10-2024,Hamilton,Ontario,15.4
,24-10-2024,Kitchener,Ontario,13.3
,24-10-2024,Waterloo,Ontario,15.5
,25-10-2024,Toronto,Ontario,11.2
,25-10-2024,Vancouver,British Columbia,7.1
,25-10-2024,Montreal,Quebec,15
,25-10-2024,Calgary,Alberta,12.9
,25-10-2024,Edmonton,Alberta,14.6
,25-10-2024,Ottawa,Ontario,10.1
,25-10-2024,Winnipeg,Manitoba,18.6
,25-10-2024,Hamilton,Ontario,13.8
,25-10-2024,Kitchener,Ontario,6.3
,25-10-2024,Waterloo,Ontario,11.7
,26-10-2024,Toronto,Ontario,16.3
,26-10-2024,Vancouver,British Columbia,16.9
,26-10-2024,Montreal,Quebec,12.4
,26-10-2024,Calgary,Alberta,18.4
,26-10-2024,Edmonton,Alberta,9
,26-10-2024,Ottawa,Ontario,11.2
,26-10-2024,Winnipeg,Manitoba,18.5
,26-10-2024,Hamilton,Ontario,18.4
,26-10-2024,Kitchener,Ontario,15.3
,26-10-2024,Waterloo,Ontario,17.9
,27-10-2024,Toronto,Ontario,6.3
,27-10-2024,Vancouver,British Columbia,18
,27-10-2024,Montreal,Quebec,9.8
,27-10-2024,Calgary,Alberta,7.7
,27-10-2024,Edmonton,Alberta,8.6
,27-10-2024,Ottawa,Ontario,11.3
,27-10-2024,Winnipeg,Manitoba,8.8
,27-10-2024,Hamilton,Ontario,9.8
,27-10-2024,Kitchener,Ontario,7
,27-10-2024,Waterloo,Ontario,9.4
,28-10-2024,Toronto,Ontario,13.6
,28-10-2024,Vancouver,British Columbia,11.6
,28-10-2024,Montreal,Quebec,10.2
,28-10-2024,Calgary,Alberta,16.2
,28-10-2024,Edmonton,Alberta,18.4
,28-10-2024,Ottawa,Ontario,16.4
,28-10-2024,Winnipeg,Manitoba,10
,28-10-2024,Hamilton,Ontario,16.2
,28-10-2024,Kitchener,Ontario,7.3
,28-10-2024,Waterloo,Ontario,7
,29-10-2024,Toronto,Ontario,10.2
,29-10-2024,Vancouver,British Columbia,17.1
,29-10-2024,Montreal,Quebec,8.7
,29-10-2024,Calgary,Alberta,5.9
,29-10-2024,Edmonton,Alberta,7
,29-10-2024,Ottawa,Ontario,17.9
,29-10-2024,Winnipeg,Manitoba,14.5
,29-10-2024,Hamilton,Ontario,8.8
,29-10-2024,Kitchener,Ontario,13.3
,29-10-2024,Waterloo,Ontario,12.9
,30-10-2024,Toronto,Ontario,14.8
,30-10-2024,Vancouver,British Columbia,8.5
,30-10-2024,Montreal,Quebec,18
,30-10-2024,Calgary,Alberta,9.6
,30-10-2024,Edmonton,Alberta,15.4
,30-10-2024,Ottawa,Ontario,5.2
,30-10-2024,Winnipeg,Manitoba,10.6
,30-10-2024,Hamilton,Ontario,10.3
,30-10-2024,Kitchener,Ontario,13.2
,30-10-2024,Waterloo,Ontario,6.1
,31-10-2024,Toronto,Ontario,16.9
,31-10-2024,Vancouver,British Columbia,8.3
,31-10-2024,Montreal,Quebec,15.2
,31-10-2024,Calgary,Alberta,17
,31-10-2024,Edmonton,Alberta,13.4
,31-10-2024,Ottawa,Ontario,16.1
,31-10-2024,Winnipeg,Manitoba,14.9
,31-10-2024,Hamilton,Ontario,10.3
,31-10-2024,Kitchener,Ontario,17.1
,31-10-2024,Waterloo,Ontario,9.4
,01-11-2024,Toronto,Ontario,13.6
,01-11-2024,Vancouver,British Columbia,16.2
,01-11-2024,Montreal,Quebec,10.7
,01-11-2024,Calgary,Alberta,9.5
,01-11-2024,Edmonton,Alberta,11.9
,01-11-2024,Ottawa,Ontario,17.3
,01-11-2024,Winnipeg,Manitoba,18.9
,01-11-2024,Hamilton,Ontario,13.2
,01-11-2024,Kitchener,Ontario,14.9
,01-11-2024,Waterloo,Ontario,18.5
,02-11-2024,Toronto,Ontario,6.5
,02-11-2024,Vancouver,British Columbia,8.5
,02-11-2024,Montreal,Quebec,15.6
,02-11-2024,Calgary,Alberta,17.4
,02-11-2024,Edmonton,Alberta,17.9
,02-11-2024,Ottawa,Ontario,11.2
,02-11-2024,Winnipeg,Manitoba,6.3
,02-11-2024,Hamilton,Ontario,11.6
,02-11-2024,Kitchener,Ontario,8.5
,02-11-2024,Waterloo,Ontario,9.4
,03-11-2024,Toronto,Ontario,16.6
,03-11-2024,Vancouver,British Columbia,6.1
,03-11-2024,Montreal,Quebec,17.4
,03-11-2024,Calgary,Alberta,11.4
,03-11-2024,Edmonton,Alberta,13.9
,03-11-2024,Ottawa,Ontario,6.3
,03-11-2024,Winnipeg,Manitoba,10.1
,03-11-2024,Hamilton,Ontario,6.3
,03-11-2024,Kitchener,Ontario,19.4
,03-11-2024,Waterloo,Ontario,17.1
,04-11-2024,Toronto,Ontario,11.9
,04-11-2024,Vancouver,British Columbia,8.4
,04-11-2024,Montreal,Quebec,19
,04-11-2024,Calgary,Alberta,10.2
,04-11-2024,Edmonton,Alberta,7.4
,04-11-2024,Ottawa,Ontario,13.4
,04-11-2024,Winnipeg,Manitoba,19.2
,04-11-2024,Hamilton,Ontario,5.1
,04-11-2024,Kitchener,Ontario,8.6
,04-11-2024,Waterloo,Ontario,19.1
,05-11-2024,Toronto,Ontario,7.6
,05-11-2024,Vancouver,British Columbia,6.7
,05-11-2024,Montreal,Quebec,13.6
,05-11-2024,Calgary,Alberta,17.9
,05-11-2024,Edmonton,Alberta,12.2
,05-11-2024,Ottawa,Ontario,19.9
,05-11-2024,Winnipeg,Manitoba,15.2
,05-11-2024,Hamilton,Ontario,6.1
,05-11-2024,Kitchener,Ontario,19.9
,05-11-2024,Waterloo,Ontario,11.1
,06-11-2024,Toronto,Ontario,9.3
,06-11-2024,Vancouver,British Columbia,13.4
,06-11-2024,Montreal,Quebec,9.6
,06-11-2024,Calgary,Alberta,6.3
,06-11-2024,Edmonton,Alberta,5
,06-11-2024,Ottawa,Ontario,11.7
,06-11-2024,Winnipeg,Manitoba,17.6
,06-11-2024,Hamilton,Ontario,13.6
,06-11-2024,Kitchener,Ontario,20
,06-11-2024,Waterloo,Ontario,9.3
,07-11-2024,Toronto,Ontario,9.2
,07-11-2024,Vancouver,British Columbia,7.4
,07-11-2024,Montreal,Quebec,7.5
,07-11-2024,Calgary,Alberta,9.3
,07-11-2024,Edmonton,Alberta,16.9
,07-11-2024,Ottawa,Ontario,18.6
,07-11-2024,Winnipeg,Manitoba,19.6
,07-11-2024,Hamilton,Ontario,8.5
,07-11-2024,Kitchener,Ontario,18.2
,07-11-2024,Waterloo,Ontario,9.9
,08-11-2024,Toronto,Ontario,6.7
,08-11-2024,Vancouver,British Columbia,18.1
,08-11-2024,Montreal,Quebec,14.5
,08-11-2024,Calgary,Alberta,7.5
,08-11-2024,Edmonton,Alberta,11.4
,08-11-2024,Ottawa,Ontario,9.3
,08-11-2024,Winnipeg,Manitoba,16.1
,08-11-2024,Hamilton,Ontario,11.8
,08-11-2024,Kitchener,Ontario,19.8
,08-11-2024,Waterloo,Ontario,5.8
,09-11-2024,Toronto,Ontario,10.3
,09-11-2024,Vancouver,British Columbia,12.2
,09-11-2024,Montreal,Quebec,12.5
,09-11-2024,Calgary,Alberta,9.7
,09-11-2024,Edmonton,Alberta,15.9
,09-11-2024,Ottawa,Ontario,18.1
,09-11-2024,Winnipeg,Manitoba,19.1
,09-11-2024,Hamilton,Ontario,17.1
,09-11-2024,Kitchener,Ontario,17.8
,09-11-2024,Waterloo,Ontario,13.3
,10-11-2024,Toronto,Ontario,17.4
,10-11-2024,Vancouver,British Columbia,9.6
,10-11-2024,Montreal,Quebec,11
,10-11-2024,Calgary,Alberta,9.8
,10-11-2024,Edmonton,Alberta,12
,10-11-2024,Ottawa,Ontario,9.3
,10-11-2024,Winnipeg,Manitoba,19.4
,10-11-2024,Hamilton,Ontario,9.7
,10-11-2024,Kitchener,Ontario,6.5
,10-11-2024,Waterloo,Ontario,12.9
,11-11-2024,Toronto,Ontario,5.9
,11-11-2024,Vancouver,British Columbia,6.7
,11-11-2024,Montreal,Quebec,8.3
,11-11-2024,Calgary,Alberta,12
,11-11-2024,Edmonton,Alberta,11.5
,11-11-2024,Ottawa,Ontario,17
,11-11-2024,Winnipeg,Manitoba,16.1
,11-11-2024,Hamilton,Ontario,11.4
,11-11-2024,Kitchener,Ontario,10
,11-11-2024,Waterloo,Ontario,9.7
,12-11-2024,Toronto,Ontario,16.6
,12-11-2024,Vancouver,British Columbia,5.8
,12-11-2024,Montreal,Quebec,5.2
,12-11-2024,Calgary,Alberta,16.9
,12-11-2024,Edmonton,Alberta,12.2
,12-11-2024,Ottawa,Ontario,7
,12-11-2024,Winnipeg,Manitoba,8.5
,12-11-2024,Hamilton,Ontario,19
,12-11-2024,Kitchener,Ontario,17.9
,12-11-2024,Waterloo,Ontario,15.6
,13-11-2024,Toronto,Ontario,12.2
,13-11-2024,Vancouver,British Columbia,12.8
,13-11-2024,Montreal,Quebec,19.6
,13-11-2024,Calgary,Alberta,19.5
,13-11-2024,Edmonton,Alberta,8.2
,13-11-2024,Ottawa,Ontario,17.2
,13-11-2024,Winnipeg,Manitoba,8
,13-11-2024,Hamilton,Ontario,8.2
,13-11-2024,Kitchener,Ontario,15.1
,13-11-2024,Waterloo,Ontario,11.1
,14-11-2024,Toronto,Ontario,19
,14-11-2024,Vancouver,British Columbia,6.3
,14-11-2024,Montreal,Quebec,12.7
,14-11-2024,Calgary,Alberta,18.8
,14-11-2024,Edmonton,Alberta,18.6
,14-11-2024,Ottawa,Ontario,7.3
,14-11-2024,Winnipeg,Manitoba,10.5
,14-11-2024,Hamilton,Ontario,14.3
,14-11-2024,Kitchener,Ontario,7.4
,14-11-2024,Waterloo,Ontario,19.5
,15-11-2024,Toronto,Ontario,18.7
,15-11-2024,Vancouver,British Columbia,7.5
,15-11-2024,Montreal,Quebec,6.8
,15-11-2024,Calgary,Alberta,6.3
,15-11-2024,Edmonton,Alberta,18.6
,15-11-2024,Ottawa,Ontario,7.9
,15-11-2024,Winnipeg,Manitoba,11.2
,15-11-2024,Hamilton,Ontario,11.7
,15-11-2024,Kitchener,Ontario,14
,15-11-2024,Waterloo,Ontario,6.1
,16-11-2024,Toronto,Ontario,8.4
,16-11-2024,Vancouver,British Columbia,19
,16-11-2024,Montreal,Quebec,18.6
,16-11-2024,Calgary,Alberta,16.7
,16-11-2024,Edmonton,Alberta,5.3
,16-11-2024,Ottawa,Ontario,9.9
,16-11-2024,Winnipeg,Manitoba,14.4
,16-11-2024,Hamilton,Ontario,9.1
,16-11-2024,Kitchener,Ontario,18.6
,16-11-2024,Waterloo,Ontario,14.5
,17-11-2024,Toronto,Ontario,6.1
,17-11-2024,Vancouver,British Columbia,18.6
,17-11-2024,Montreal,Quebec,19.4
,17-11-2024,Calgary,Alberta,6.2
,17-11-2024,Edmonton,Alberta,13
,17-11-2024,Ottawa,Ontario,9.6
,17-11-2024,Winnipeg,Manitoba,10.9
,17-11-2024,Hamilton,Ontario,7.7
,17-11-2024,Kitchener,Ontario,13.7
,17-11-2024,Waterloo,Ontario,19.4
,18-11-2024,Toronto,Ontario,12.5
,18-11-2024,Vancouver,British Columbia,6.2
,18-11-2024,Montreal,Quebec,14.3
,18-11-2024,Calgary,Alberta,10.1
,18-11-2024,Edmonton,Alberta,17.8
,18-11-2024,Ottawa,Ontario,11.5
,18-11-2024,Winnipeg,Manitoba,7.9
,18-11-2024,Hamilton,Ontario,7.9
,18-11-2024,Kitchener,Ontario,16.5
,18-11-2024,Waterloo,Ontario,9
,19-11-2024,Toronto,Ontario,16.5
,19-11-2024,Vancouver,British Columbia,8.1
,19-11-2024,Montreal,Quebec,9.8
,19-11-2024,Calgary,Alberta,12
,19-11-2024,Edmonton,Alberta,19.1
,19-11-2024,Ottawa,Ontario,19
,19-11-2024,Winnipeg,Manitoba,8.1
,19-11-2024,Hamilton,Ontario,10.4
,19-11-2024,Kitchener,Ontario,7.2
,19-11-2024,Waterloo,Ontario,12.6
,20-11-2024,Toronto,Ontario,11.9
,20-11-2024,Vancouver,British Columbia,18.5
,20-11-2024,Montreal,Quebec,19
,20-11-2024,Calgary,Alberta,10.8
,20-11-2024,Edmonton,Alberta,12.4
,20-11-2024,Ottawa,Ontario,18.4
,20-11-2024,Winnipeg,Manitoba,17.1
,20-11-2024,Hamilton,Ontario,5.1
,20-11-2024,Kitchener,Ontario,9.8
,20-11-2024,Waterloo,Ontario,11.3
,21-11-2024,Toronto,Ontario,8.4
,21-11-2024,Vancouver,British Columbia,8
,21-11-2024,Montreal,Quebec,5.6
,21-11-2024,Calgary,Alberta,14.7
,21-11-2024,Edmonton,Alberta,8.9
,21-11-2024,Ottawa,Ontario,5.8
,21-11-2024,Winnipeg,Manitoba,8.5
,21-11-2024,Hamilton,Ontario,17
,21-11-2024,Kitchener,Ontario,17.8
,21-11-2024,Waterloo,Ontario,12.2
,22-11-2024,Toronto,Ontario,11.2
,22-11-2024,Vancouver,British Columbia,19.7
,22-11-2024,Montreal,Quebec,8
,22-11-2024,Calgary,Alberta,8.2
,22-11-2024,Edmonton,Alberta,9.4
,22-11-2024,Ottawa,Ontario,7.6
,22-11-2024,Winnipeg,Manitoba,10.7
,22-11-2024,Hamilton,Ontario,18.7
,22-11-2024,Kitchener,Ontario,14.2
,22-11-2024,Waterloo,Ontario,11.2
,23-11-2024,Toronto,Ontario,19
,23-11-2024,Vancouver,British Columbia,5.7
,23-11-2024,Montreal,Quebec,8.2
,23-11-2024,Calgary,Alberta,13.5
,23-11-2024,Edmonton,Alberta,14.2
,23-11-2024,Ottawa,Ontario,5.6
,23-11-2024,Winnipeg,Manitoba,11
,23-11-2024,Hamilton,Ontario,14.7
,23-11-2024,Kitchener,Ontario,15.5
,23-11-2024,Waterloo,Ontario,14.6
,24-11-2024,Toronto,Ontario,9.8
,24-11-2024,Vancouver,British Columbia,6.4
,24-11-2024,Montreal,Quebec,11.4
,24-11-2024,Calgary,Alberta,6.9
,24-11-2024,Edmonton,Alberta,19.2
,24-11-2024,Ottawa,Ontario,12.1
,24-11-2024,Winnipeg,Manitoba,9.8
,24-11-2024,Hamilton,Ontario,16.5
,24-11-2024,Kitchener,Ontario,12.5
,24-11-2024,Waterloo,Ontario,9.7
,25-11-2024,Toronto,Ontario,17.2
,25-11-2024,Vancouver,British Columbia,18
,25-11-2024,Montreal,Quebec,15.1
,25-11-2024,Calgary,Alberta,5.7
,25-11-2024,Edmonton,Alberta,13.5
,25-11-2024,Ottawa,Ontario,16.4
,25-11-2024,Winnipeg,Manitoba,7
,25-11-2024,Hamilton,Ontario,8.4
,25-11-2024,Kitchener,Ontario,18.2
,25-11-2024,Waterloo,Ontario,5.3
,26-11-2024,Toronto,Ontario,16.3
,26-11-2024,Vancouver,British Columbia,12.1
,26-11-2024,Montreal,Quebec,11.7
,26-11-2024,Calgary,Alberta,5.1
,26-11-2024,Edmonton,Alberta,17.3
,26-11-2024,Ottawa,Ontario,10.4
,26-11-2024,Winnipeg,Manitoba,13.1
,26-11-2024,Hamilton,Ontario,15.2
,26-11-2024,Kitchener,Ontario,15.5
,26-11-2024,Waterloo,Ontario,19.3
,27-11-2024,Toronto,Ontario,13
,27-11-2024,Vancouver,British Columbia,11
,27-11-2024,Montreal,Quebec,19.3
,27-11-2024,Calgary,Alberta,14.6
,27-11-2024,Edmonton,Alberta,9.5
,27-11-2024,Ottawa,Ontario,6.9
,27-11-2024,Winnipeg,Manitoba,17.6
,27-11-2024,Hamilton,Ontario,10.4
,27-11-2024,Kitchener,Ontario,14.9
,27-11-2024,Waterloo,Ontario,12.1
,28-11-2024,Toronto,Ontario,8
,28-11-2024,Vancouver,British Columbia,14
,28-11-2024,Montreal,Quebec,5.9
,28-11-2024,Calgary,Alberta,11.2
,28-11-2024,Edmonton,Alberta,13.2
,28-11-2024,Ottawa,Ontario,11.5
,28-11-2024,Winnipeg,Manitoba,16.2
,28-11-2024,Hamilton,Ontario,17.4
,28-11-2024,Kitchener,Ontario,16.6
,28-11-2024,Waterloo,Ontario,5.6
,29-11-2024,Toronto,Ontario,7.9
,29-11-2024,Vancouver,British Columbia,13
,29-11-2024,Montreal,Quebec,19
,29-11-2024,Calgary,Alberta,17.5
,29-11-2024,Edmonton,Alberta,17.6
,29-11-2024,Ottawa,Ontario,9.5
,29-11-2024,Winnipeg,Manitoba,11.4
,29-11-2024,Hamilton,Ontario,12.1
,29-11-2024,Kitchener,Ontario,7.4
,29-11-2024,Waterloo,Ontario,5.5
,30-11-2024,Toronto,Ontario,19.2
,30-11-2024,Vancouver,British Columbia,8.6
,30-11-2024,Montreal,Quebec,8.6
,30-11-2024,Calgary,Alberta,6.3
,30-11-2024,Edmonton,Alberta,18.9
,30-11-2024,Ottawa,Ontario,13.7
,30-11-2024,Winnipeg,Manitoba,15
,30-11-2024,Hamilton,Ontario,18.7
,30-11-2024,Kitchener,Ontario,10.2
,30-11-2024,Waterloo,Ontario,14.3
,01-12-2024,Toronto,Ontario,-24
,01-12-2024,Vancouver,British Columbia,-20.3
,01-12-2024,Montreal,Quebec,-4.2
,01-12-2024,Calgary,Alberta,-5.8
,01-12-2024,Edmonton,Alberta,-16.2
,01-12-2024,Ottawa,Ontario,-15.6
,01-12-2024,Winnipeg,Manitoba,-11.7
,01-12-2024,Hamilton,Ontario,-25
,01-12-2024,Kitchener,Ontario,-19
,01-12-2024,Waterloo,Ontario,-19.8
,02-12-2024,Toronto,Ontario,-18.7
,02-12-2024,Vancouver,British Columbia,-4.9
,02-12-2024,Montreal,Quebec,-18
,02-12-2024,Calgary,Alberta,-20.2
,02-12-2024,Edmonton,Alberta,-12.4
,02-12-2024,Ottawa,Ontario,-3.4
,02-12-2024,Winnipeg,Manitoba,-19
,02-12-2024,Hamilton,Ontario,-23
,02-12-2024,Kitchener,Ontario,-16.1
,02-12-2024,Waterloo,Ontario,-6.3
,03-12-2024,Toronto,Ontario,-11.2
,03-12-2024,Vancouver,British Columbia,-4.6
,03-12-2024,Montreal,Quebec,-1
,03-12-2024,Calgary,Alberta,-5.2
,03-12-2024,Edmonton,Alberta,-9.9
,03-12-2024,Ottawa,Ontario,-12.7
,03-12-2024,Winnipeg,Manitoba,-24
,03-12-2024,Hamilton,Ontario,-0.4
,03-12-2024,Kitchener,Ontario,-15.4
,03-12-2024,Waterloo,Ontario,-21.2
,04-12-2024,Toronto,Ontario,-8.3
,04-12-2024,Vancouver,British Columbia,-17.9
,04-12-2024,Montreal,Quebec,-10.4
,04-12-2024,Calgary,Alberta,-10.3
,04-12-2024,Edmonton,Alberta,-13.9
,04-12-2024,Ottawa,Ontario,-4.1
,04-12-2024,Winnipeg,Manitoba,-18.4
,04-12-2024,Hamilton,Ontario,-13.8
,04-12-2024,Kitchener,Ontario,-11.6
,04-12-2024,Waterloo,Ontario,-8.4
,05-12-2024,Toronto,Ontario,-5.4
,05-12-2024,Vancouver,British Columbia,-15.1
,05-12-2024,Montreal,Quebec,-8.8
,05-12-2024,Calgary,Alberta,-21.2
,05-12-2024,Edmonton,Alberta,-1.7
,05-12-2024,Ottawa,Ontario,-15.4
,05-12-2024,Winnipeg,Manitoba,-6.8
,05-12-2024,Hamilton,Ontario,-24.5
,05-12-2024,Kitchener,Ontario,-19.9
,05-12-2024,Waterloo,Ontario,-12.8
,06-12-2024,Toronto,Ontario,-3
,06-12-2024,Vancouver,British Columbia,-11.8
,06-12-2024,Montreal,Quebec,-1.8
,06-12-2024,Calgary,Alberta,-12.9
,06-12-2024,Edmonton,Alberta,-12.7
,06-12-2024,Ottawa,Ontario,-22
,06-12-2024,Winnipeg,Manitoba,-4.9
,06-12-2024,Hamilton,Ontario,-18.8
,06-12-2024,Kitchener,Ontario,-2.5
,06-12-2024,Waterloo,Ontario,-2.2
,07-12-2024,Toronto,Ontario,-1.4
,07-12-2024,Vancouver,British Columbia,-12
,07-12-2024,Montreal,Quebec,-8.1
,07-12-2024,Calgary,Alberta,-5.5
,07-12-2024,Edmonton,Alberta,-21.7
,07-12-2024,Ottawa,Ontario,-10
,07-12-2024,Winnipeg,Manitoba,-24.1
,07-12-2024,Hamilton,Ontario,-12.6
,07-12-2024,Kitchener,Ontario,-21.1
,07-12-2024,Waterloo,Ontario,-20.4
,08-12-2024,Toronto,Ontario,-15.9
,08-12-2024,Vancouver,British Columbia,-14.2
,08-12-2024,Montreal,Quebec,-9.4
,08-12-2024,Calgary,Alberta,-23.1
,08-12-2024,Edmonton,Alberta,-12.4
,08-12-2024,Ottawa,Ontario,-20.4
,08-12-2024,Winnipeg,Manitoba,-10.7
,08-12-2024,Hamilton,Ontario,-9.1
,08-12-2024,Kitchener,Ontario,-11.1
,08-12-2024,Waterloo,Ontario,-6.5
,09-12-2024,Toronto,Ontario,-16.6
,09-12-2024,Vancouver,British Columbia,-5.9
,09-12-2024,Montreal,Quebec,-14.2
,09-12-2024,Calgary,Alberta,-12.9
,09-12-2024,Edmonton,Alberta,-8.8
,09-12-2024,Ottawa,Ontario,-24.5
,09-12-2024,Winnipeg,Manitoba,-8.7
,09-12-2024,Hamilton,Ontario,-9.5
,09-12-2024,Kitchener,Ontario,-17.3
,09-12-2024,Waterloo,Ontario,-22.9
,10-12-2024,Toronto,Ontario,-22.7
,10-12-2024,Vancouver,British Columbia,-1.9
,10-12-2024,Montreal,Quebec,-7.8
,10-12-2024,Calgary,Alberta,-21.8
,10-12-2024,Edmonton,Alberta,-16.1
,10-12-2024,Ottawa,Ontario,-10.2
,10-12-2024,Winnipeg,Manitoba,-4.1
,10-12-2024,Hamilton,Ontario,-23.9
,10-12-2024,Kitchener,Ontario,-19.1
,10-12-2024,Waterloo,Ontario,-2.8
,11-12-2024,Toronto,Ontario,-24.8
,11-12-2024,Vancouver,British Columbia,-20
,11-12-2024,Montreal,Quebec,-1
,11-12-2024,Calgary,Alberta,-9.7
,11-12-2024,Edmonton,Alberta,-18.5
,11-12-2024,Ottawa,Ontario,-23.3
,11-12-2024,Winnipeg,Manitoba,-24.3
,11-12-2024,Hamilton,Ontario,-18.9
,11-12-2024,Kitchener,Ontario,-3
,11-12-2024,Waterloo,Ontario,-14.6
,12-12-2024,Toronto,Ontario,-7
,12-12-2024,Vancouver,British Columbia,-2
,12-12-2024,Montreal,Quebec,-14.8
,12-12-2024,Calgary,Alberta,-20.2
,12-12-2024,Edmonton,Alberta,-12.1
,12-12-2024,Ottawa,Ontario,-2.3
,12-12-2024,Winnipeg,Manitoba,-4.9
,12-12-2024,Hamilton,Ontario,-23.4
,12-12-2024,Kitchener,Ontario,-7.7
,12-12-2024,Waterloo,Ontario,-10.7
,13-12-2024,Toronto,Ontario,-2.3
,13-12-2024,Vancouver,British Columbia,-21.9
,13-12-2024,Montreal,Quebec,-11.6
,13-12-2024,Calgary,Alberta,-3
,13-12-2024,Edmonton,Alberta,-14.7
,13-12-2024,Ottawa,Ontario,-13
,13-12-2024,Winnipeg,Manitoba,-23.2
,13-12-2024,Hamilton,Ontario,-18
,13-12-2024,Kitchener,Ontario,-16.9
,13-12-2024,Waterloo,Ontario,-1.4
,14-12-2024,Toronto,Ontario,-17.9
,14-12-2024,Vancouver,British Columbia,-13.5
,14-12-2024,Montreal,Quebec,-8.2
,14-12-2024,Calgary,Alberta,-20.9
,14-12-2024,Edmonton,Alberta,-12.8
,14-12-2024,Ottawa,Ontario,-6.5
,14-12-2024,Winnipeg,Manitoba,-3.3
,14-12-2024,Hamilton,Ontario,-9.3
,14-12-2024,Kitchener,Ontario,-8.3
,14-12-2024,Waterloo,Ontario,-21.8
,15-12-2024,Toronto,Ontario,-1.4
,15-12-2024,Vancouver,British Columbia,-21.7
,15-12-2024,Montreal,Quebec,-5.6
,15-12-2024,Calgary,Alberta,-18.4
,15-12-2024,Edmonton,Alberta,-1.7
,15-12-2024,Ottawa,Ontario,-7
,15-12-2024,Winnipeg,Manitoba,-6.2
,15-12-2024,Hamilton,Ontario,-19.5
,15-12-2024,Kitchener,Ontario,-13.9
,15-12-2024,Waterloo,Ontario,-9.6
,16-12-2024,Toronto,Ontario,-5.8
,16-12-2024,Vancouver,British Columbia,-22.4
,16-12-2024,Montreal,Quebec,-0.9
,16-12-2024,Calgary,Alberta,-2.7
,16-12-2024,Edmonton,Alberta,-18.2
,16-12-2024,Ottawa,Ontario,-4.4
,16-12-2024,Winnipeg,Manitoba,-12
,16-12-2024,Hamilton,Ontario,-13.5
,16-12-2024,Kitchener,Ontario,-17.1
,16-12-2024,Waterloo,Ontario,-10.5
,17-12-2024,Toronto,Ontario,-6.8
,17-12-2024,Vancouver,British Columbia,-14.7
,17-12-2024,Montreal,Quebec,-9.3
,17-12-2024,Calgary,Alberta,-7.5
,17-12-2024,Edmonton,Alberta,-7.2
,17-12-2024,Ottawa,Ontario,-23.7
,17-12-2024,Winnipeg,Manitoba,-3.5
,17-12-2024,Hamilton,Ontario,-13.5
,17-12-2024,Kitchener,Ontario,-18.4
,17-12-2024,Waterloo,Ontario,-19
,18-12-2024,Toronto,Ontario,-12.9
,18-12-2024,Vancouver,British Columbia,-2.8
,18-12-2024,Montreal,Quebec,-15.5
,18-12-2024,Calgary,Alberta,-6.3
,18-12-2024,Edmonton,Alberta,-22.6
,18-12-2024,Ottawa,Ontario,-13.1
,18-12-2024,Winnipeg,Manitoba,-0.2
,18-12-2024,Hamilton,Ontario,-5.7
,18-12-2024,Kitchener,Ontario,-19.7
,18-12-2024,Waterloo,Ontario,-12.5
,19-12-2024,Toronto,Ontario,-19.2
,19-12-2024,Vancouver,British Columbia,-14.8
,19-12-2024,Montreal,Quebec,-5.5
,19-12-2024,Calgary,Alberta,-5.7
,19-12-2024,Edmonton,Alberta,-19.3
,19-12-2024,Ottawa,Ontario,-1.9
,19-12-2024,Winnipeg,Manitoba,-10.2
,19-12-2024,Hamilton,Ontario,-15.5
,19-12-2024,Kitchener,Ontario,-12.5
,19-12-2024,Waterloo,Ontario,-9.9
,20-12-2024,Toronto,Ontario,-11
,20-12-2024,Vancouver,British Columbia,-12.8
,20-12-2024,Montreal,Quebec,-12.4
,20-12-2024,Calgary,Alberta,-20.6
,20-12-2024,Edmonton,Alberta,-4.7
,20-12-2024,Ottawa,Ontario,-11.5
,20-12-2024,Winnipeg,Manitoba,-21.7
,20-12-2024,Hamilton,Ontario,-5.8
,20-12-2024,Kitchener,Ontario,-1.7
,20-12-2024,Waterloo,Ontario,-1.3
,21-12-2024,Toronto,Ontario,-15.8
,21-12-2024,Vancouver,British Columbia,-21.6
,21-12-2024,Montreal,Quebec,-12
,21-12-2024,Calgary,Alberta,-22.2
,21-12-2024,Edmonton,Alberta,-1.7
,21-12-2024,Ottawa,Ontario,-20.4
,21-12-2024,Winnipeg,Manitoba,-18.7
,21-12-2024,Hamilton,Ontario,-14.8
,21-12-2024,Kitchener,Ontario,-15.4
,21-12-2024,Waterloo,Ontario,-5.1
,22-12-2024,Toronto,Ontario,-13.6
,22-12-2024,Vancouver,British Columbia,-20.7
,22-12-2024,Montreal,Quebec,-18.3
,22-12-2024,Calgary,Alberta,-12.3
,22-12-2024,Edmonton,Alberta,-21.3
,22-12-2024,Ottawa,Ontario,-9.7
,22-12-2024,Winnipeg,Manitoba,-10.9
,22-12-2024,Hamilton,Ontario,-7.1
,22-12-2024,Kitchener,Ontario,-1.6
,22-12-2024,Waterloo,Ontario,-2.2
,23-12-2024,Toronto,Ontario,-1.3
,23-12-2024,Vancouver,British Columbia,-18.9
,23-12-2024,Montreal,Quebec,-21.7
,23-12-2024,Calgary,Alberta,-17.4
,23-12-2024,Edmonton,Alberta,-2.6
,23-12-2024,Ottawa,Ontario,-0.7
,23-12-2024,Winnipeg,Manitoba,-3.5
,23-12-2024,Hamilton,Ontario,-22.2
,23-12-2024,Kitchener,Ontario,-1.3
,23-12-2024,Waterloo,Ontario,-14.4
,24-12-2024,Toronto,Ontario,-24.8
,24-12-2024,Vancouver,British Columbia,-13.9
,24-12-2024,Montreal,Quebec,-23.8
,24-12-2024,Calgary,Alberta,-11.4
,24-12-2024,Edmonton,Alberta,-16.5
,24-12-2024,Ottawa,Ontario,-13.2
,24-12-2024,Winnipeg,Manitoba,-9.7
,24-12-2024,Hamilton,Ontario,-3.3
,24-12-2024,Kitchener,Ontario,-8.5
,24-12-2024,Waterloo,Ontario,-14.1
,25-12-2024,Toronto,Ontario,-4.5
,25-12-2024,Vancouver,British Columbia,-2.4
,25-12-2024,Montreal,Quebec,-22
,25-12-2024,Calgary,Alberta,-11.7
,25-12-2024,Edmonton,Alberta,-17.9
,25-12-2024,Ottawa,Ontario,-23.8
,25-12-2024,Winnipeg,Manitoba,-8.3
,25-12-2024,Hamilton,Ontario,-3.4
,25-12-2024,Kitchener,Ontario,-20.9
,25-12-2024,Waterloo,Ontario,-4.7
,26-12-2024,Toronto,Ontario,-3.7
,26-12-2024,Vancouver,British Columbia,-2.1
,26-12-2024,Montreal,Quebec,-18.4
,26-12-2024,Calgary,Alberta,-2.4
,26-12-2024,Edmonton,Alberta,-17
,26-12-2024,Ottawa,Ontario,-11.2
,26-12-2024,Winnipeg,Manitoba,-23.7
,26-12-2024,Hamilton,Ontario,-23.9
,26-12-2024,Kitchener,Ontario,-7
,26-12-2024,Waterloo,Ontario,-13.9
,27-12-2024,Toronto,Ontario,-18.6
,27-12-2024,Vancouver,British Columbia,-20.2
,27-12-2024,Montreal,Quebec,-8.3
,27-12-2024,Calgary,Alberta,-25
,27-12-2024,Edmonton,Alberta,-4.9
,27-12-2024,Ottawa,Ontario,-23
,27-12-2024,Winnipeg,Manitoba,-20.2
,27-12-2024,Hamilton,Ontario,-15.3
,27-12-2024,Kitchener,Ontario,-12.9
,27-12-2024,Waterloo,Ontario,-16.1
,28-12-2024,Toronto,Ontario,-17
,28-12-2024,Vancouver,British Columbia,-0.9
,28-12-2024,Montreal,Quebec,-9
,28-12-2024,Calgary,Alberta,-24.4
,28-12-2024,Edmonton,Alberta,-14.2
,28-12-2024,Ottawa,Ontario,-3.1
,28-12-2024,Winnipeg,Manitoba,-17.5
,28-12-2024,Hamilton,Ontario,-22.6
,28-12-2024,Kitchener,Ontario,-6
,28-12-2024,Waterloo,Ontario,-9.8
,29-12-2024,Toronto,Ontario,-10.7
,29-12-2024,Vancouver,British Columbia,-23.7
,29-12-2024,Montreal,Quebec,-21.5
,29-12-2024,Calgary,Alberta,-9.4
,29-12-2024,Edmonton,Alberta,-19.8
,29-12-2024,Ottawa,Ontario,-12.4
,29-12-2024,Winnipeg,Manitoba,-11.4
,29-12-2024,Hamilton,Ontario,-17.9
,29-12-2024,Kitchener,Ontario,-1.3
,29-12-2024,Waterloo,Ontario,-3.9
,30-12-2024,Toronto,Ontario,-6.9
,30-12-2024,Vancouver,British Columbia,-23.1
,30-12-2024,Montreal,Quebec,-22.3
,30-12-2024,Calgary,Alberta,-12.7
,30-12-2024,Edmonton,Alberta,-21
,30-12-2024,Ottawa,Ontario,-0.5
,30-12-2024,Winnipeg,Manitoba,-21
,30-12-2024,Hamilton,Ontario,-12.8
,30-12-2024,Kitchener,Ontario,-15.9
,30-12-2024,Waterloo,Ontario,-9
,31-12-2024,Toronto,Ontario,-21.8
,31-12-2024,Vancouver,British Columbia,-14.2
,31-12-2024,Montreal,Quebec,-18.1
,31-12-2024,Calgary,Alberta,-2.8
,31-12-2024,Edmonton,Alberta,-24
,31-12-2024,Ottawa,Ontario,-2.2
,31-12-2024,Winnipeg,Manitoba,-4.2
,31-12-2024,Hamilton,Ontario,-17.6
,31-12-2024,Kitchener,Ontario,-5.3
,31-12-2024,Waterloo,Ontario,-24.2
